date,inv_true,inv_prob
2015-01-02,0,0.004158
2015-01-09,0,0.005041
2015-01-16,0,0.008283
2015-01-23,0,0.029073
2015-01-30,0,0.033124
2015-02-06,0,0.050758
2015-02-13,0,0.036083
2015-02-20,0,0.006191
2015-02-27,0,0.003464
2015-03-06,0,0.005317
2015-03-13,0,0.002818
2015-03-20,0,0.002608
2015-03-27,0,0.004528
2015-04-03,0,0.007800
2015-04-10,0,0.010201
2015-04-17,0,0.013038
2015-04-24,0,0.017373
2015-05-01,0,0.013596
2015-05-08,0,0.007109
2015-05-15,0,0.002823
2015-05-22,0,0.003523
2015-05-29,0,0.003625
2015-06-05,0,0.004191
2015-06-12,0,0.002237
2015-06-19,0,0.001216
2015-06-26,0,0.001658
2015-07-03,0,0.001466
2015-07-10,0,0.001593
2015-07-17,0,0.002105
2015-07-24,0,0.001515
2015-07-31,0,0.001480
2015-08-07,0,0.001976
2015-08-14,0,0.002641
2015-08-21,0,0.003832
2015-08-28,0,0.003454
2015-09-04,0,0.003539
2015-09-11,0,0.002704
2015-09-18,0,0.002611
2015-09-25,0,0.002544
2015-10-02,0,0.003361
2015-10-09,0,0.005404
2015-10-16,0,0.004825
2015-10-23,0,0.008108
2015-10-30,0,0.006517
2015-11-06,0,0.006181
2015-11-13,0,0.002074
2015-11-20,0,0.002583
2015-11-27,0,0.002363
2015-12-04,0,0.002712
2015-12-11,0,0.003853
2015-12-18,0,0.006180
2015-12-25,0,0.003434
2016-01-01,0,0.002723
2016-01-08,0,0.002016
2016-01-15,0,0.002906
2016-01-22,0,0.005548
2016-01-29,0,0.015726
2016-02-05,0,0.036934
2016-02-12,0,0.174210
2016-02-19,0,0.389163
2016-02-26,0,0.211587
2016-03-04,0,0.276351
2016-03-11,0,0.097026
2016-03-18,0,0.025193
2016-03-25,0,0.027211
2016-04-01,0,0.026894
2016-04-08,0,0.041470
2016-04-15,0,0.103479
2016-04-22,0,0.071298
2016-04-29,0,0.031579
2016-05-06,0,0.024902
2016-05-13,0,0.043757
2016-05-20,0,0.160698
2016-05-27,0,0.087527
2016-06-03,0,0.085133
2016-06-10,0,0.120137
2016-06-17,0,0.224945
2016-06-24,0,0.433463
2016-07-01,0,0.336948
2016-07-08,0,0.661502
2016-07-15,0,0.786171
2016-07-22,0,0.625405
2016-07-29,0,0.532701
2016-08-05,0,0.475286
2016-08-12,0,0.501653
2016-08-19,0,0.483659
2016-08-26,0,0.464337
2016-09-02,0,0.408228
2016-09-09,0,0.425518
2016-09-16,0,0.502785
2016-09-23,0,0.308221
2016-09-30,0,0.122096
2016-10-07,0,0.366284
2016-10-14,0,0.304284
2016-10-21,0,0.202698
2016-10-28,0,0.270602
2016-11-04,0,0.130275
2016-11-11,0,0.233911
2016-11-18,0,0.177193
2016-11-25,0,0.015434
2016-12-02,0,0.007538
2016-12-09,0,0.005649
2016-12-16,0,0.005888
2016-12-23,0,0.002442
2016-12-30,0,0.002427
2017-01-06,0,0.002588
2017-01-13,0,0.003435
2017-01-20,0,0.004006
2017-01-27,0,0.003588
2017-02-03,0,0.002438
2017-02-10,0,0.002245
2017-02-17,0,0.004314
2017-02-24,0,0.004335
2017-03-03,0,0.005406
2017-03-10,0,0.007494
2017-03-17,0,0.011436
2017-03-24,0,0.013609
2017-03-31,0,0.044610
2017-04-07,0,0.053962
2017-04-14,0,0.112389
2017-04-21,0,0.181827
2017-04-28,0,0.309958
2017-05-05,0,0.142804
2017-05-12,0,0.164068
2017-05-19,0,0.174080
2017-05-26,0,0.429735
2017-06-02,0,0.475605
2017-06-09,0,0.656098
2017-06-16,0,0.677923
2017-06-23,0,0.693490
2017-06-30,0,0.713843
2017-07-07,0,0.666829
2017-07-14,0,0.498891
2017-07-21,0,0.550849
2017-07-28,0,0.713833
2017-08-04,0,0.745381
2017-08-11,0,0.686314
2017-08-18,0,0.651844
2017-08-25,0,0.667407
2017-09-01,0,0.680263
2017-09-08,0,0.721924
2017-09-15,0,0.825745
2017-09-22,0,0.684290
2017-09-29,0,0.482892
2017-10-06,0,0.453967
2017-10-13,0,0.360840
2017-10-20,0,0.405434
2017-10-27,0,0.415288
2017-11-03,0,0.272228
2017-11-10,0,0.398321
2017-11-17,0,0.538034
2017-11-24,0,0.534717
2017-12-01,0,0.567808
2017-12-08,0,0.511739
2017-12-15,0,0.550876
2017-12-22,0,0.628415
2017-12-29,0,0.561477
2018-01-05,0,0.694828
2018-01-12,0,0.589850
2018-01-19,0,0.469514
2018-01-26,0,0.366292
2018-02-02,0,0.169488
2018-02-09,0,0.114859
2018-02-16,0,0.258970
2018-02-23,0,0.305161
2018-03-02,0,0.212977
2018-03-09,0,0.295028
2018-03-16,0,0.349024
2018-03-23,0,0.485626
2018-03-30,0,0.453159
2018-04-06,0,0.546644
2018-04-13,0,0.568293
2018-04-20,0,0.511832
2018-04-27,0,0.445762
2018-05-04,0,0.298748
2018-05-11,0,0.297796
2018-05-18,0,0.397101
2018-05-25,0,0.276874
2018-06-01,0,0.326040
2018-06-08,0,0.654628
2018-06-15,0,0.400316
2018-06-22,0,0.350069
2018-06-29,0,0.341979
2018-07-06,0,0.424525
2018-07-13,0,0.495998
2018-07-20,0,0.445075
2018-07-27,0,0.468909
2018-08-03,0,0.264502
2018-08-10,0,0.320184
2018-08-17,0,0.347958
2018-08-24,0,0.503620
2018-08-31,0,0.542294
2018-09-07,0,0.656805
2018-09-14,0,0.650911
2018-09-21,0,0.555508
2018-09-28,0,0.436180
2018-10-05,0,0.426353
2018-10-12,0,0.407574
2018-10-19,0,0.393793
2018-10-26,0,0.449060
2018-11-02,0,0.539766
2018-11-09,0,0.514643
2018-11-16,0,0.429338
2018-11-23,0,0.534043
2018-11-30,0,0.627167
2018-12-07,0,0.552680
2018-12-14,0,0.627220
2018-12-21,0,0.685069
2018-12-28,0,0.760397
2019-01-04,1,0.892054
2019-01-11,0,0.896289
2019-01-18,0,0.865109
2019-01-25,0,0.846743
2019-02-01,0,0.823659
2019-02-08,0,0.820844
2019-02-15,0,0.866789
2019-02-22,1,0.885824
2019-03-01,1,0.898789
2019-03-08,1,0.881554
2019-03-15,1,0.900213
2019-03-22,1,0.918213
2019-03-29,1,0.920591
2019-04-05,1,0.962203
2019-04-12,1,0.966005
2019-04-19,1,0.960573
2019-04-26,1,0.960529
2019-05-03,1,0.966156
2019-05-10,1,0.969872
2019-05-17,1,0.971527
2019-05-24,1,0.967484
2019-05-31,1,0.969444
2019-06-07,1,0.941479
2019-06-14,1,0.873891
2019-06-21,1,0.913930
2019-06-28,1,0.897151
2019-07-05,1,0.902763
2019-07-12,1,0.890044
2019-07-19,1,0.916918
2019-07-26,0,0.931006
2019-08-02,0,0.927823
2019-08-09,0,0.916633
2019-08-16,0,0.752145
2019-08-23,0,0.843464
2019-08-30,0,0.791147
2019-09-06,0,0.727454
2019-09-13,0,0.678456
2019-09-20,0,0.845988
2019-09-27,0,0.875530
2019-10-04,0,0.855291
2019-10-11,0,0.794236
2019-10-18,0,0.850720
2019-10-25,0,0.805897
2019-11-01,0,0.811334
2019-11-08,0,0.800306
2019-11-15,0,0.806435
2019-11-22,0,0.839075
2019-11-29,1,0.862457
2019-12-06,1,0.874301
2019-12-13,0,0.870733
2019-12-20,0,0.901432
2019-12-27,0,0.901390
2020-01-03,0,0.905015
2020-01-10,0,0.878327
2020-01-17,0,0.891924
2020-01-24,0,0.912862
2020-01-31,0,0.908154
2020-02-07,0,0.914269
2020-02-14,0,0.932098
2020-02-21,0,0.939614
2020-02-28,0,0.945197
2020-03-06,0,0.847861
2020-03-13,0,0.821505
2020-03-20,0,0.785732
2020-03-27,0,0.091918
2020-04-03,0,0.128394
2020-04-10,0,0.297986
2020-04-17,0,0.384299
2020-04-24,0,0.337582
2020-05-01,0,0.417835
2020-05-08,0,0.416337
2020-05-15,0,0.333132
2020-05-22,0,0.338141
2020-05-29,0,0.368446
2020-06-05,0,0.367462
2020-06-12,0,0.451243
2020-06-19,0,0.492145
2020-06-26,0,0.796499
2020-07-03,0,0.822023
2020-07-10,0,0.903174
2020-07-17,0,0.925870
2020-07-24,0,0.943302
2020-07-31,0,0.946989
2020-08-07,0,0.953167
2020-08-14,0,0.950782
2020-08-21,0,0.916584
2020-08-28,0,0.922550
2020-09-04,0,0.917012
2020-09-11,0,0.932760
2020-09-18,0,0.935656
2020-09-25,0,0.949336
2020-10-02,0,0.957426
2020-10-09,0,0.958084
2020-10-16,0,0.939849
2020-10-23,0,0.943565
2020-10-30,0,0.921226
2020-11-06,0,0.924971
2020-11-13,0,0.927228
2020-11-20,0,0.908428
2020-11-27,0,0.905949
2020-12-04,0,0.916826
2020-12-11,0,0.888888
2020-12-18,0,0.876530
2020-12-25,0,0.870343
2021-01-01,0,0.855454
2021-01-08,0,0.855633
2021-01-15,0,0.823977
2021-01-22,0,0.790505
2021-01-29,0,0.751494
2021-02-05,0,0.773517
2021-02-12,0,0.684456
2021-02-19,0,0.689138
2021-02-26,0,0.599549
2021-03-05,0,0.602738
2021-03-12,0,0.532327
2021-03-19,0,0.524054
2021-03-26,0,0.354956
2021-04-02,0,0.355726
2021-04-09,0,0.364574
2021-04-16,0,0.325525
2021-04-23,0,0.376810
2021-04-30,0,0.415733
2021-05-07,0,0.358336
2021-05-14,0,0.324109
2021-05-21,0,0.268679
2021-05-28,0,0.316814
2021-06-04,0,0.405633
2021-06-11,0,0.407361
2021-06-18,0,0.530563
2021-06-25,0,0.703006
2021-07-02,0,0.740525
2021-07-09,0,0.798423
2021-07-16,0,0.852359
2021-07-23,0,0.845860
2021-07-30,0,0.851502
2021-08-06,0,0.890816
2021-08-13,0,0.903472
2021-08-20,0,0.874570
2021-08-27,0,0.917036
2021-09-03,0,0.887473
2021-09-10,0,0.886492
2021-09-17,0,0.846513
2021-09-24,0,0.891045
2021-10-01,0,0.874236
2021-10-08,0,0.721437
2021-10-15,0,0.693040
2021-10-22,0,0.697195
2021-10-29,0,0.597605
2021-11-05,0,0.586253
2021-11-12,0,0.678435
2021-11-19,0,0.708463
2021-11-26,0,0.574437
2021-12-03,0,0.519056
2021-12-10,0,0.651800
2021-12-17,0,0.427541
2021-12-24,0,0.452517
2021-12-31,0,0.393594
2022-01-07,0,0.299001
2022-01-14,0,0.115573
2022-01-21,0,0.081225
2022-01-28,0,0.065661
2022-02-04,0,0.064750
2022-02-11,0,0.044924
2022-02-18,0,0.037453
2022-02-25,0,0.027809
2022-03-04,0,0.019175
2022-03-11,0,0.024873
2022-03-18,0,0.016990
2022-03-25,0,0.010123
2022-04-01,0,0.010408
2022-04-08,0,0.011663
2022-04-15,0,0.013454
2022-04-22,0,0.005841
2022-04-29,0,0.006765
2022-05-06,0,0.004373
2022-05-13,0,0.004844
2022-05-20,0,0.001985
2022-05-27,0,0.001746
2022-06-03,0,0.002082
2022-06-10,0,0.003227
2022-06-17,0,0.003007
2022-06-24,0,0.004795
2022-07-01,0,0.004837
2022-07-08,0,0.006997
2022-07-15,0,0.018247
2022-07-22,0,0.373481
2022-07-29,0,0.779604
2022-08-05,1,0.878767
2022-08-12,1,0.890842
2022-08-19,1,0.852531
2022-08-26,1,0.908570
2022-09-02,1,0.920742
2022-09-09,1,0.937651
2022-09-16,1,0.942252
2022-09-23,1,0.907740
2022-09-30,1,0.744261
2022-10-07,1,0.567918
2022-10-14,1,0.756809
2022-10-21,1,0.918051
2022-10-28,1,0.968216
2022-11-04,1,0.985803
2022-11-11,1,0.968628
2022-11-18,1,0.952618
2022-11-25,1,0.881333
2022-12-02,1,0.825562
2022-12-09,1,0.783187
2022-12-16,1,0.796149
2022-12-23,1,0.759020
2022-12-30,1,0.831266
2023-01-06,1,0.914550
2023-01-13,1,0.678361
2023-01-20,1,0.261783
2023-01-27,1,0.152524
2023-02-03,1,0.209610
2023-02-10,1,0.199017
2023-02-17,1,0.382789
2023-02-24,1,0.561181
2023-03-03,1,0.649498
2023-03-10,1,0.642174
2023-03-17,1,0.477741
2023-03-24,1,0.282005
2023-03-31,1,0.185296
2023-04-07,1,0.203280
2023-04-14,1,0.101335
2023-04-21,1,0.114045
2023-04-28,1,0.129064
2023-05-05,1,0.070682
2023-05-12,1,0.023193
2023-05-19,1,0.026604
2023-05-26,1,0.043125
2023-06-02,1,0.072379
2023-06-09,1,0.026324
2023-06-16,1,0.056146
2023-06-23,1,0.073891
2023-06-30,1,0.065129
2023-07-07,1,0.081221
2023-07-14,1,0.236460
2023-07-21,1,0.073015
2023-07-28,1,0.037479
2023-08-04,1,0.072091
2023-08-11,1,0.059193
2023-08-18,1,0.041874
2023-08-25,1,0.106776
2023-09-01,1,0.105490
2023-09-08,1,0.077228
2023-09-15,1,0.117649
2023-09-22,1,0.107224
2023-09-29,1,0.174800
2023-10-06,1,0.206225
2023-10-13,1,0.227852
2023-10-20,1,0.169661
2023-10-27,1,0.401655
2023-11-03,1,0.318645
2023-11-10,1,0.174528
2023-11-17,1,0.118376
2023-11-24,1,0.103787
2023-12-01,1,0.073675
2023-12-08,1,0.044924
2023-12-15,1,0.037350
2023-12-22,1,0.025236
2023-12-29,1,0.017201
2024-01-05,1,0.026358
2024-01-12,1,0.036578
2024-01-19,1,0.028165
2024-01-26,1,0.066455
2024-02-02,1,0.070578
2024-02-09,1,0.046453
2024-02-16,1,0.102862
2024-02-23,1,0.141109
2024-03-01,1,0.151962
2024-03-08,1,0.135405
2024-03-15,1,0.065804
2024-03-22,1,0.108929
2024-03-29,1,0.179346
2024-04-05,1,0.143457
2024-04-12,1,0.217650
2024-04-19,1,0.352368
2024-04-26,1,0.513081
2024-05-03,1,0.496598
2024-05-10,1,0.405288
2024-05-17,1,0.270758
2024-05-24,1,0.236375
2024-05-31,1,0.293778
2024-06-07,1,0.356588
2024-06-14,1,0.105499
2024-06-21,1,0.099753
2024-06-28,1,0.089951
2024-07-05,1,0.103229
2024-07-12,1,0.138239
2024-07-19,1,0.076353
2024-07-26,1,0.079531
2024-08-02,1,0.093611
2024-08-09,1,0.032954
2024-08-16,1,0.032146
2024-08-23,1,0.031403
2024-08-30,1,0.034281
2024-09-06,1,0.039226
2024-09-13,1,0.049120
2024-09-20,1,0.052122
2024-09-27,0,0.077177
2024-10-04,0,0.115484
2024-10-11,0,0.134218
2024-10-18,0,0.299079
2024-10-25,0,0.295894
2024-11-01,0,0.467232
2024-11-08,0,0.776950
2024-11-15,0,0.839471
2024-11-22,0,0.928903
2024-11-29,0,0.885061
2024-12-06,1,0.755197
2024-12-13,1,0.831496
2024-12-20,1,0.911263
2024-12-27,1,0.904409
2025-01-03,0,0.919602
2025-01-10,1,0.906569
2025-01-17,0,0.904696
2025-01-24,0,0.906539
2025-01-31,0,0.914413
2025-02-07,1,0.918694
2025-02-14,1,0.912028
2025-02-21,0,0.931924
2025-02-28,0,0.937179
2025-03-07,0,0.936149
2025-03-14,0,0.912632
2025-03-21,1,0.919187
2025-03-28,1,0.947509
2025-04-04,1,0.954911
2025-04-11,1,0.877713
2025-04-18,1,0.901759
2025-04-25,0,0.873443
2025-05-02,1,0.848568
2025-05-09,1,0.727911
2025-05-16,1,0.833998
2025-05-23,1,0.887221
2025-05-30,0,0.871769
2025-06-06,1,0.855286
2025-06-13,0,0.837318
2025-06-20,1,0.871825
2025-06-27,0,0.842379
2025-07-04,0,0.744072
2025-07-11,0,0.809268
2025-07-18,0,0.894073
2025-07-25,0,0.897022
2025-08-01,0,0.846486
2025-08-08,0,0.885740
2025-08-15,0,0.860626
