date,PC1_level,PC2_slope,PC3_curv
1981-09-04,7.251974,0.665591,-0.142636
1981-09-11,7.118687,0.527913,-0.045936
1981-09-18,6.759935,0.363038,-0.004077
1981-09-25,6.776394,0.310140,-0.017197
1981-10-02,6.975672,0.208444,0.022046
1981-10-09,6.534526,0.219032,-0.014907
1981-10-16,6.356416,0.156205,-0.022145
1981-10-23,6.480181,0.070040,-0.016141
1981-10-30,6.391414,-0.005377,-0.042075
1981-11-06,5.748278,-0.003713,-0.027598
1981-11-13,5.072943,-0.104573,0.012239
1981-11-20,4.792908,-0.230003,0.002360
1981-11-27,4.707075,-0.240617,-0.048456
1981-12-04,4.842836,-0.262993,0.006028
1981-12-11,5.046918,-0.301998,0.016737
1981-12-18,5.147999,-0.159988,0.017763
1981-12-25,5.439198,-0.208574,0.093302
1982-01-01,5.484885,-0.178416,0.058542
1982-01-08,5.688235,-0.226412,0.040875
1982-01-15,5.969021,-0.136770,0.036824
1982-01-22,6.123913,0.053338,-0.016314
1982-01-29,5.962584,0.106289,-0.058271
1982-02-05,6.269616,0.335363,-0.173163
1982-02-12,6.418126,0.376783,-0.216243
1982-02-19,6.272690,0.472696,-0.170861
1982-02-26,5.696053,0.128586,0.005540
1982-03-05,5.573665,0.175129,-0.036022
1982-03-12,5.621038,0.180644,-0.064663
1982-03-19,5.774569,0.249297,-0.071768
1982-03-26,5.732903,0.228782,-0.075658
1982-04-02,5.980821,0.313388,-0.129121
1982-04-09,5.907932,0.262097,-0.117941
1982-04-16,5.743238,0.242682,-0.061079
1982-04-23,5.601256,0.181388,-0.021131
1982-04-30,5.630637,0.195913,-0.079745
1982-05-07,5.646327,0.245544,-0.104905
1982-05-14,5.522836,0.233110,-0.078834
1982-05-21,5.427934,0.084003,-0.016238
1982-05-28,5.364537,-0.040753,0.020704
1982-06-04,5.590547,0.048535,-0.031029
1982-06-11,5.621245,0.034518,-0.008843
1982-06-18,5.899213,0.043674,0.010805
1982-06-25,6.142361,0.063215,-0.009934
1982-07-02,6.057013,0.092895,-0.032082
1982-07-09,5.826405,-0.008617,0.021684
1982-07-16,5.547596,-0.065026,0.054485
1982-07-23,5.125733,-0.258826,0.081958
1982-07-30,5.211845,-0.345570,0.099136
1982-08-06,4.954903,-0.482976,0.163032
1982-08-13,4.927844,-0.490530,0.189287
1982-08-20,4.115237,-0.715717,0.292829
1982-08-27,4.002668,-0.780917,0.339032
1982-09-03,4.228910,-0.621360,0.248511
1982-09-10,4.194298,-0.584699,0.246743
1982-09-17,4.166713,-0.656162,0.320295
1982-09-24,3.905636,-0.679363,0.375681
1982-10-01,3.743714,-0.592070,0.340658
1982-10-08,3.605897,-0.386840,0.226751
1982-10-15,3.106996,-0.334339,0.119948
1982-10-22,3.138782,-0.343665,0.098195
1982-10-29,3.292153,-0.299915,0.047981
1982-11-05,3.106135,-0.238663,0.052380
1982-11-12,3.196339,-0.179812,0.030258
1982-11-19,3.263406,-0.126691,0.002727
1982-11-26,3.132674,-0.189357,0.025121
1982-12-03,3.224932,-0.181069,0.003956
1982-12-10,3.152874,-0.199559,0.030843
1982-12-17,3.096179,-0.243035,0.015792
1982-12-24,3.104420,-0.219436,-0.011681
1982-12-31,3.082345,-0.165059,-0.023202
1983-01-07,3.012848,-0.173395,-0.040369
1983-01-14,2.912264,-0.222774,-0.042778
1983-01-21,2.959110,-0.219090,-0.051134
1983-01-28,3.135402,-0.212563,-0.069560
1983-02-04,3.239796,-0.228476,-0.068053
1983-02-11,3.282987,-0.223024,-0.055490
1983-02-18,3.206345,-0.191317,-0.054704
1983-02-25,3.008279,-0.173952,-0.046184
1983-03-04,2.952253,-0.112692,-0.073182
1983-03-11,3.132526,-0.103248,-0.067493
1983-03-18,3.158793,-0.093259,-0.063961
1983-03-25,3.265878,-0.056307,-0.066879
1983-04-01,3.298456,-0.033584,-0.072753
1983-04-08,3.199069,-0.060092,-0.070298
1983-04-15,3.075973,-0.098040,-0.048436
1983-04-22,3.083568,-0.108902,-0.036269
1983-04-29,3.045189,-0.099633,-0.060318
1983-05-06,2.945971,-0.092417,-0.078510
1983-05-13,2.969179,-0.095886,-0.071036
1983-05-20,3.107508,-0.124377,-0.051727
1983-05-27,3.259581,-0.076833,-0.054154
1983-06-03,3.363990,-0.100537,-0.049330
1983-06-10,3.449254,-0.070264,-0.049535
1983-06-17,3.381830,-0.048528,-0.039334
1983-06-24,3.526369,-0.015656,-0.045058
1983-07-01,3.539625,-0.080223,-0.048363
1983-07-08,3.695130,-0.088382,-0.039726
1983-07-15,3.772992,-0.110019,-0.032251
1983-07-22,3.760320,-0.109612,-0.023431
1983-07-29,3.844776,-0.152190,-0.021462
1983-08-05,4.061485,-0.168228,-0.029526
1983-08-12,4.154899,-0.170424,-0.029970
1983-08-19,3.938688,-0.123487,-0.054470
1983-08-26,3.838864,-0.144350,-0.037593
1983-09-02,4.025645,-0.206563,-0.011380
1983-09-09,3.926074,-0.189072,-0.019851
1983-09-16,3.867176,-0.193403,-0.027541
1983-09-23,3.797203,-0.202475,-0.025716
1983-09-30,3.700594,-0.216956,-0.015376
1983-10-07,3.650640,-0.221707,-0.007429
1983-10-14,3.767662,-0.241903,-0.010212
1983-10-21,3.652381,-0.277235,0.008763
1983-10-28,3.755712,-0.296808,-0.006231
1983-11-04,3.760540,-0.332841,0.002571
1983-11-11,3.824465,-0.297807,-0.016318
1983-11-18,3.793203,-0.265031,-0.024934
1983-11-25,3.755372,-0.245733,-0.014562
1983-12-02,3.795920,-0.227469,-0.025920
1983-12-09,3.872669,-0.253861,-0.033652
1983-12-16,3.941321,-0.249193,-0.042396
1983-12-23,3.894070,-0.243698,-0.023025
1983-12-30,3.881465,-0.244358,-0.016581
1984-01-06,3.858587,-0.251849,-0.031531
1984-01-13,3.807379,-0.248585,-0.038521
1984-01-20,3.752870,-0.218721,-0.050040
1984-01-27,3.780757,-0.213193,-0.048058
1984-02-03,3.767147,-0.221427,-0.059326
1984-02-10,3.848245,-0.206519,-0.071959
1984-02-17,3.902653,-0.230717,-0.059098
1984-02-24,3.978717,-0.235873,-0.049632
1984-03-02,4.009886,-0.260136,-0.040836
1984-03-09,4.078705,-0.262201,-0.053298
1984-03-16,4.162627,-0.253008,-0.052493
1984-03-23,4.316394,-0.208144,-0.060008
1984-03-30,4.317757,-0.218978,-0.047576
1984-04-06,4.389393,-0.251226,-0.035355
1984-04-13,4.316173,-0.248594,-0.033668
1984-04-20,4.405138,-0.259451,-0.039155
1984-04-27,4.426570,-0.307831,-0.004924
1984-05-04,4.519851,-0.321381,0.005024
1984-05-11,4.723685,-0.339166,0.014109
1984-05-18,4.815768,-0.424177,0.040563
1984-05-25,4.855723,-0.468756,0.078878
1984-06-01,4.989175,-0.546007,0.127774
1984-06-08,4.846889,-0.436671,0.106400
1984-06-15,4.885023,-0.389892,0.116295
1984-06-22,4.940732,-0.426363,0.144003
1984-06-29,5.023342,-0.510280,0.175065
1984-07-06,5.031560,-0.481738,0.145437
1984-07-13,4.931165,-0.368164,0.127422
1984-07-20,4.882828,-0.312794,0.106767
1984-07-27,4.812932,-0.231035,0.066755
1984-08-03,4.724091,-0.120118,0.024673
1984-08-10,4.669611,-0.070730,0.004063
1984-08-17,4.657009,-0.122486,0.031917
1984-08-24,4.673844,-0.078051,0.024200
1984-08-31,4.773921,-0.061796,-0.001056
1984-09-07,4.777009,-0.077406,0.007281
1984-09-14,4.594704,-0.062571,0.009675
1984-09-21,4.490669,-0.045951,-0.007156
1984-09-28,4.520625,-0.090922,-0.002141
1984-10-05,4.517940,-0.111463,-0.010206
1984-10-12,4.395026,-0.115342,-0.010114
1984-10-19,4.287771,-0.129572,-0.009161
1984-10-26,4.027852,-0.165138,0.005594
1984-11-02,3.936059,-0.202508,0.020215
1984-11-09,3.799665,-0.305803,0.042587
1984-11-16,3.817151,-0.313109,0.032366
1984-11-23,3.647660,-0.270993,0.008741
1984-11-30,3.577905,-0.293559,0.006798
1984-12-07,3.646889,-0.329328,0.001904
1984-12-14,3.603925,-0.380532,0.000136
1984-12-21,3.381988,-0.439967,0.001883
1984-12-28,3.375822,-0.489597,0.021143
1985-01-04,3.483964,-0.507936,0.000307
1985-01-11,3.430407,-0.490708,0.017837
1985-01-18,3.411787,-0.491348,0.015136
1985-01-25,3.267909,-0.427961,0.014476
1985-02-01,3.330025,-0.363305,-0.006943
1985-02-08,3.469062,-0.355897,-0.029689
1985-02-15,3.475397,-0.348105,-0.036940
1985-02-22,3.575210,-0.370547,-0.035726
1985-03-01,3.742863,-0.389078,-0.011183
1985-03-08,3.821556,-0.337178,-0.008126
1985-03-15,3.799424,-0.370441,0.019905
1985-03-22,3.825727,-0.394528,0.035795
1985-03-29,3.706108,-0.414369,0.035936
1985-04-05,3.643968,-0.431120,0.038231
1985-04-12,3.555588,-0.422345,0.022220
1985-04-19,3.345896,-0.398130,-0.004249
1985-04-26,3.325962,-0.427298,-0.003746
1985-05-03,3.349598,-0.439261,-0.009532
1985-05-10,3.268812,-0.406242,-0.029102
1985-05-17,3.098733,-0.402502,-0.014300
1985-05-24,2.915077,-0.389975,-0.019818
1985-05-31,2.818085,-0.351628,-0.017678
1985-06-07,2.606342,-0.306325,-0.033778
1985-06-14,2.667166,-0.331588,-0.027225
1985-06-21,2.583659,-0.376588,-0.028881
1985-06-28,2.766059,-0.421557,-0.021372
1985-07-05,2.618122,-0.368220,-0.041406
1985-07-12,2.630425,-0.337076,-0.049465
1985-07-19,2.700494,-0.344651,-0.047030
1985-07-26,2.847062,-0.376516,-0.043908
1985-08-02,2.900116,-0.387031,-0.044641
1985-08-09,2.873039,-0.384291,-0.021744
1985-08-16,2.794888,-0.366932,-0.016230
1985-08-23,2.710209,-0.329698,-0.007586
1985-08-30,2.713341,-0.327945,-0.009423
1985-09-06,2.774115,-0.340817,-0.007220
1985-09-13,2.872495,-0.362340,-0.010459
1985-09-20,2.814675,-0.370802,0.001668
1985-09-27,2.692485,-0.403021,-0.014364
1985-10-04,2.732854,-0.378368,-0.020882
1985-10-11,2.799563,-0.355431,-0.021762
1985-10-18,2.752717,-0.310523,-0.034776
1985-10-25,2.729128,-0.289332,-0.034723
1985-11-01,2.685575,-0.273871,-0.042045
1985-11-08,2.627866,-0.223074,-0.059435
1985-11-15,2.596604,-0.190298,-0.068051
1985-11-22,2.538634,-0.172846,-0.060173
1985-11-29,2.518238,-0.175435,-0.053086
1985-12-06,2.518411,-0.157700,-0.068050
1985-12-13,2.327251,-0.113349,-0.097241
1985-12-20,2.234903,-0.067036,-0.097224
1985-12-27,2.220607,-0.067520,-0.085652
1986-01-03,2.215809,-0.054926,-0.086576
1986-01-10,2.295148,-0.065748,-0.080420
1986-01-17,2.382646,-0.106192,-0.075667
1986-01-24,2.304594,-0.121471,-0.060210
1986-01-31,2.228381,-0.084771,-0.078327
1986-02-07,2.220433,-0.050149,-0.086415
1986-02-14,2.197616,-0.000099,-0.068198
1986-02-21,2.120132,0.040803,-0.037576
1986-02-28,1.996491,0.116360,-0.042767
1986-03-07,1.793128,0.129529,-0.069642
1986-03-14,1.632513,0.145319,-0.063968
1986-03-21,1.643534,0.102878,-0.050861
1986-03-28,1.568323,0.114550,-0.035577
1986-04-04,1.465347,0.145191,-0.037190
1986-04-11,1.350857,0.107425,-0.048002
1986-04-18,1.212109,0.104295,-0.038246
1986-04-25,1.364832,0.086612,-0.037534
1986-05-02,1.431431,0.085397,-0.024623
1986-05-09,1.414423,0.071818,-0.023311
1986-05-16,1.579510,0.011155,-0.000418
1986-05-23,1.665198,-0.013152,0.007447
1986-05-30,1.661826,0.009161,0.006497
1986-06-06,1.832245,-0.032169,-0.005618
1986-06-13,1.714969,-0.007364,0.005543
1986-06-20,1.529071,0.037927,0.011958
1986-06-27,1.458906,0.070007,0.004019
1986-07-04,1.382861,0.064868,-0.002089
1986-07-11,1.340982,0.047487,-0.000927
1986-07-18,1.246034,0.061898,-0.007994
1986-07-25,1.283471,0.046493,-0.004074
1986-08-01,1.334082,0.023971,-0.025771
1986-08-08,1.295338,0.000209,-0.022006
1986-08-15,1.190780,0.020350,-0.019754
1986-08-22,1.089927,0.026332,-0.034071
1986-08-29,1.004967,-0.015310,-0.042296
1986-09-05,1.042714,-0.066208,-0.036682
1986-09-12,1.171967,-0.140739,-0.006890
1986-09-19,1.204710,-0.165205,0.000446
1986-09-26,1.204637,-0.140015,-0.007302
1986-10-03,1.160897,-0.134498,-0.002978
1986-10-10,1.055552,-0.135425,-0.022207
1986-10-17,1.163402,-0.149907,-0.034494
1986-10-24,1.194157,-0.124876,-0.030491
1986-10-31,1.128369,-0.115391,-0.018522
1986-11-07,1.115738,-0.081632,-0.025559
1986-11-14,1.173048,-0.055820,-0.025370
1986-11-21,1.113797,-0.036391,-0.028982
1986-11-28,1.084191,-0.012676,-0.038115
1986-12-05,1.073067,0.008460,-0.038593
1986-12-12,1.087103,0.024191,-0.046267
1986-12-19,1.125780,0.035534,-0.042013
1986-12-26,1.119295,0.040170,-0.033369
1987-01-02,1.177300,0.031603,-0.045857
1987-01-09,1.077477,0.024226,-0.034623
1987-01-16,1.063440,-0.004990,-0.021306
1987-01-23,1.043240,0.005212,-0.027029
1987-01-30,1.112126,0.015567,-0.047509
1987-02-06,1.171137,0.028061,-0.047927
1987-02-13,1.245823,0.035899,-0.049811
1987-02-20,1.183690,-0.004976,-0.037392
1987-02-27,1.136653,-0.010470,-0.021830
1987-03-06,1.147535,0.021937,-0.035466
1987-03-13,1.194183,0.042305,-0.042339
1987-03-20,1.167689,0.015991,-0.029653
1987-03-27,1.205138,0.014416,-0.032499
1987-04-03,1.309976,-0.066372,-0.019565
1987-04-10,1.377294,-0.093423,-0.022819
1987-04-17,1.595460,-0.150430,-0.008548
1987-04-24,1.635411,-0.248952,0.052339
1987-05-01,1.706062,-0.215993,0.074501
1987-05-08,1.771269,-0.274491,0.105440
1987-05-15,1.847496,-0.283875,0.111148
1987-05-22,1.966899,-0.342095,0.153114
1987-05-29,1.842156,-0.270951,0.131592
1987-06-05,1.837961,-0.270734,0.112528
1987-06-12,1.772495,-0.288544,0.123825
1987-06-19,1.685444,-0.210441,0.086558
1987-06-26,1.719654,-0.183979,0.076769
1987-07-03,1.717038,-0.227206,0.076412
1987-07-10,1.678415,-0.239958,0.070906
1987-07-17,1.685009,-0.260899,0.065399
1987-07-24,1.758397,-0.270263,0.059994
1987-07-31,1.865748,-0.224090,0.041933
1987-08-07,1.901706,-0.277281,0.058458
1987-08-14,1.890657,-0.240877,0.048799
1987-08-21,1.931053,-0.223672,0.044477
1987-08-28,2.026069,-0.206548,0.033481
1987-09-04,2.149448,-0.293830,0.053857
1987-09-11,2.303430,-0.308546,0.063903
1987-09-18,2.285223,-0.315518,0.049025
1987-09-25,2.324062,-0.286784,0.039437
1987-10-02,2.434322,-0.292794,0.051522
1987-10-09,2.536443,-0.328068,0.089737
1987-10-16,2.745460,-0.322227,0.069647
1987-10-23,2.128039,-0.466101,0.114145
1987-10-30,1.811853,-0.484047,0.130527
1987-11-06,1.869634,-0.357812,0.068945
1987-11-13,1.894236,-0.306504,0.058430
1987-11-20,1.914316,-0.314231,0.067780
1987-11-27,1.938009,-0.357079,0.072067
1987-12-04,1.889572,-0.436187,0.112463
1987-12-11,2.037854,-0.362501,0.064231
1987-12-18,2.020393,-0.333167,0.065321
1987-12-25,1.957379,-0.309151,0.085134
1988-01-01,1.929308,-0.327127,0.094839
1988-01-08,1.943485,-0.297195,0.075609
1988-01-15,1.920460,-0.308249,0.067735
1988-01-22,1.817414,-0.233302,0.048330
1988-01-29,1.717768,-0.217593,0.043398
1988-02-05,1.619740,-0.190354,0.031232
1988-02-12,1.593521,-0.191113,0.021967
1988-02-19,1.655853,-0.202028,0.023793
1988-02-26,1.602752,-0.200741,0.030259
1988-03-04,1.578002,-0.193534,0.020837
1988-03-11,1.657657,-0.207527,0.016199
1988-03-18,1.640581,-0.233524,0.025530
1988-03-25,1.738592,-0.236982,0.028694
1988-04-01,1.766815,-0.266540,0.033323
1988-04-08,1.852236,-0.216371,0.019238
1988-04-15,1.828975,-0.246598,0.028743
1988-04-22,1.885333,-0.299703,0.038222
1988-04-29,1.910089,-0.282443,0.036397
1988-05-06,2.006739,-0.248094,0.015844
1988-05-13,2.084361,-0.251294,0.024933
1988-05-20,2.121769,-0.286222,0.037944
1988-05-27,2.194566,-0.269380,0.043913
1988-06-03,2.160011,-0.207157,0.029606
1988-06-10,2.104087,-0.186669,0.016992
1988-06-17,2.049202,-0.176693,0.028766
1988-06-24,2.126911,-0.164282,0.027551
1988-07-01,2.109684,-0.129260,0.016905
1988-07-08,2.142287,-0.140956,0.024511
1988-07-15,2.237177,-0.145824,0.028390
1988-07-22,2.263630,-0.152863,0.031561
1988-07-29,2.307133,-0.099485,0.011921
1988-08-05,2.272582,-0.088358,0.019024
1988-08-12,2.404713,-0.121421,0.039631
1988-08-19,2.462114,-0.131095,0.050926
1988-08-26,2.493346,-0.091842,0.030294
1988-09-02,2.446493,-0.036296,0.012800
1988-09-09,2.343836,0.023776,-0.015293
1988-09-16,2.301663,0.004621,-0.001183
1988-09-23,2.320286,0.002757,0.001559
1988-09-30,2.363674,0.021001,0.001313
1988-10-07,2.287281,0.050604,-0.006319
1988-10-14,2.276722,0.066466,-0.026010
1988-10-21,2.293742,0.093874,-0.034088
1988-10-28,2.281290,0.107758,-0.040323
1988-11-04,2.254798,0.108416,-0.038923
1988-11-11,2.394558,0.108481,-0.026486
1988-11-18,2.511123,0.168808,-0.045257
1988-11-25,2.594857,0.168056,-0.032806
1988-12-02,2.597504,0.152740,-0.008845
1988-12-09,2.590649,0.175441,0.006203
1988-12-16,2.685426,0.175896,0.012547
1988-12-23,2.655862,0.197859,0.003285
1988-12-30,2.704125,0.189299,0.006108
1989-01-06,2.758461,0.190292,0.011221
1989-01-13,2.736672,0.208489,0.003641
1989-01-20,2.671006,0.242469,0.000695
1989-01-27,2.658535,0.266649,-0.008897
1989-02-03,2.689719,0.283187,-0.018153
1989-02-10,2.750152,0.307904,-0.018638
1989-02-17,2.821796,0.265019,-0.001936
1989-02-24,2.885301,0.254945,0.013884
1989-03-03,2.905750,0.277745,-0.004539
1989-03-10,2.879176,0.287260,-0.004082
1989-03-17,2.950344,0.292230,0.010243
1989-03-24,3.081070,0.328201,-0.004064
1989-03-31,3.035511,0.347007,0.004536
1989-04-07,2.897636,0.346072,-0.020195
1989-04-14,2.902256,0.296905,0.002539
1989-04-21,2.805909,0.294149,-0.002306
1989-04-28,2.771760,0.304231,-0.010658
1989-05-05,2.742791,0.310968,-0.036898
1989-05-12,2.699614,0.284239,-0.040501
1989-05-19,2.580667,0.312410,-0.026497
1989-05-26,2.540027,0.378223,-0.047614
1989-06-02,2.515627,0.426252,-0.088167
1989-06-09,2.302641,0.404350,-0.087671
1989-06-16,2.300715,0.398839,-0.070807
1989-06-23,2.336391,0.379324,-0.058181
1989-06-30,2.209199,0.400508,-0.083778
1989-07-07,2.090503,0.362616,-0.112532
1989-07-14,2.030371,0.369491,-0.137444
1989-07-21,2.097354,0.404496,-0.154632
1989-07-28,2.043161,0.431191,-0.176945
1989-08-04,1.936959,0.398659,-0.148286
1989-08-11,2.121153,0.395818,-0.107225
1989-08-18,2.220014,0.371904,-0.068026
1989-08-25,2.257066,0.368870,-0.055377
1989-09-01,2.253648,0.346849,-0.034868
1989-09-08,2.205283,0.347589,-0.030706
1989-09-15,2.117234,0.302441,-0.037223
1989-09-22,2.163661,0.330951,-0.039126
1989-09-29,2.263228,0.315965,-0.030695
1989-10-06,2.200635,0.328640,-0.022979
1989-10-13,2.058617,0.342502,-0.073709
1989-10-20,2.010702,0.302834,-0.069365
1989-10-27,1.988805,0.350822,-0.085726
1989-11-03,2.038606,0.389620,-0.102364
1989-11-10,2.030885,0.378490,-0.099656
1989-11-17,1.979770,0.373241,-0.106826
1989-11-24,1.953316,0.366794,-0.104355
1989-12-01,1.970269,0.368296,-0.098771
1989-12-08,1.962357,0.368842,-0.094500
1989-12-15,1.963800,0.384257,-0.096852
1989-12-22,1.934362,0.379619,-0.099620
1989-12-29,2.029119,0.363398,-0.085347
1990-01-05,2.029144,0.328979,-0.071866
1990-01-12,2.034073,0.300766,-0.070050
1990-01-19,2.170854,0.300137,-0.062812
1990-01-26,2.210019,0.263967,-0.057305
1990-02-02,2.270856,0.252533,-0.057518
1990-02-09,2.297049,0.260741,-0.050448
1990-02-16,2.236077,0.247335,-0.034198
1990-02-23,2.332630,0.222768,-0.026356
1990-03-02,2.301406,0.248440,-0.033899
1990-03-09,2.391494,0.258671,-0.030985
1990-03-16,2.436216,0.260042,-0.015350
1990-03-23,2.396956,0.277754,-0.009392
1990-03-30,2.373883,0.257471,-0.011533
1990-04-06,2.363290,0.229342,-0.010887
1990-04-13,2.368268,0.223844,-0.020446
1990-04-20,2.458445,0.171617,0.004860
1990-04-27,2.556320,0.129834,0.029705
1990-05-04,2.565814,0.145418,0.017169
1990-05-11,2.440031,0.164997,-0.001729
1990-05-18,2.371474,0.178787,-0.004452
1990-05-25,2.368449,0.195834,-0.015204
1990-06-01,2.328088,0.222620,-0.031219
1990-06-08,2.265912,0.239945,-0.041282
1990-06-15,2.256587,0.244601,-0.043750
1990-06-22,2.304728,0.238517,-0.037299
1990-06-29,2.295673,0.244260,-0.050471
1990-07-06,2.244531,0.246459,-0.059837
1990-07-13,2.280550,0.229812,-0.061453
1990-07-20,2.198634,0.203789,-0.072537
1990-07-27,2.184941,0.190926,-0.079105
1990-08-03,2.093565,0.193311,-0.097990
1990-08-10,2.192886,0.094848,-0.105396
1990-08-17,2.213042,0.115875,-0.110869
1990-08-24,2.332748,0.089248,-0.094301
1990-08-31,2.292380,0.078081,-0.093427
1990-09-07,2.247610,0.067481,-0.103328
1990-09-14,2.244443,0.070328,-0.102524
1990-09-21,2.266548,0.048961,-0.105738
1990-09-28,2.274169,0.017165,-0.085733
1990-10-05,2.129178,0.040691,-0.085875
1990-10-12,2.198151,0.004579,-0.089646
1990-10-19,2.154362,0.049458,-0.100958
1990-10-26,2.110654,0.071995,-0.105685
1990-11-02,2.081457,0.048921,-0.110066
1990-11-09,2.030056,0.066366,-0.115533
1990-11-16,1.970261,0.107745,-0.107860
1990-11-23,1.952912,0.118270,-0.103593
1990-11-30,1.935951,0.113921,-0.108014
1990-12-07,1.873471,0.134759,-0.108406
1990-12-14,1.768955,0.139662,-0.100641
1990-12-21,1.755100,0.082436,-0.082082
1990-12-28,1.761666,0.006866,-0.062771
1991-01-04,1.685561,0.040747,-0.083393
1991-01-11,1.717279,-0.043076,-0.070115
1991-01-18,1.676097,-0.095458,-0.020240
1991-01-25,1.637221,-0.055010,-0.038737
1991-02-01,1.623561,-0.037367,-0.059999
1991-02-08,1.491189,-0.047944,-0.051981
1991-02-15,1.466071,-0.057777,-0.039272
1991-02-22,1.526546,-0.061784,-0.028601
1991-03-01,1.609091,-0.069072,-0.027820
1991-03-08,1.655865,-0.088789,-0.022554
1991-03-15,1.589084,-0.135128,-0.008052
1991-03-22,1.659031,-0.153714,0.003654
1991-03-29,1.621469,-0.146815,0.008966
1991-04-05,1.562645,-0.149365,-0.002263
1991-04-12,1.534654,-0.189684,0.014027
1991-04-19,1.537514,-0.173027,0.017212
1991-04-26,1.565891,-0.188041,0.009162
1991-05-03,1.491665,-0.206469,-0.001222
1991-05-10,1.505659,-0.224091,0.006961
1991-05-17,1.518239,-0.251089,0.014048
1991-05-24,1.498269,-0.246181,0.002193
1991-05-31,1.467953,-0.236401,-0.033162
1991-06-07,1.570270,-0.245398,-0.013399
1991-06-14,1.633525,-0.266853,0.016483
1991-06-21,1.620028,-0.266924,-0.002894
1991-06-28,1.619860,-0.273678,0.006467
1991-07-05,1.619592,-0.261279,0.011528
1991-07-12,1.620109,-0.275781,-0.001952
1991-07-19,1.603123,-0.259197,-0.014211
1991-07-26,1.587456,-0.251695,-0.013908
1991-08-02,1.536159,-0.242421,-0.020678
1991-08-09,1.413461,-0.230318,-0.035680
1991-08-16,1.331204,-0.232238,-0.043808
1991-08-23,1.280269,-0.230390,-0.061462
1991-08-30,1.320470,-0.212490,-0.058618
1991-09-06,1.294138,-0.207927,-0.065417
1991-09-13,1.233394,-0.205007,-0.065384
1991-09-20,1.194060,-0.189076,-0.055888
1991-09-27,1.156887,-0.183566,-0.064909
1991-10-04,1.082268,-0.178986,-0.071044
1991-10-11,1.068634,-0.195762,-0.078825
1991-10-18,1.064240,-0.205833,-0.085120
1991-10-25,1.120693,-0.240480,-0.087107
1991-11-01,1.010614,-0.248994,-0.099592
1991-11-08,0.947032,-0.281160,-0.094946
1991-11-15,0.904492,-0.268763,-0.080074
1991-11-22,0.858338,-0.298691,-0.088836
1991-11-29,0.833963,-0.333674,-0.094538
1991-12-06,0.736067,-0.308567,-0.111454
1991-12-13,0.663605,-0.338875,-0.124860
1991-12-20,0.613517,-0.354979,-0.106519
1991-12-27,0.475852,-0.343402,-0.083790
1992-01-03,0.460116,-0.318843,-0.086795
1992-01-10,0.447961,-0.346425,-0.085812
1992-01-17,0.584508,-0.401333,-0.045468
1992-01-24,0.591292,-0.428320,-0.056938
1992-01-31,0.651965,-0.435525,-0.053393
1992-02-07,0.643005,-0.446430,-0.062305
1992-02-14,0.657073,-0.475757,-0.052017
1992-02-21,0.759270,-0.482279,-0.028626
1992-02-28,0.767994,-0.447585,-0.019304
1992-03-06,0.832941,-0.442244,-0.005836
1992-03-13,0.882398,-0.468391,0.018781
1992-03-20,0.956505,-0.482594,0.048519
1992-03-27,0.914615,-0.473346,0.039517
1992-04-03,0.847119,-0.460904,-0.003696
1992-04-10,0.729719,-0.495078,-0.023285
1992-04-17,0.684546,-0.531605,-0.006446
1992-04-24,0.791922,-0.568443,0.010343
1992-05-01,0.795129,-0.564908,0.004969
1992-05-08,0.737560,-0.561988,0.003035
1992-05-15,0.665891,-0.533274,-0.005779
1992-05-22,0.656244,-0.514810,-0.001934
1992-05-29,0.717139,-0.516672,-0.009003
1992-06-05,0.687626,-0.501470,-0.018316
1992-06-12,0.652291,-0.506059,-0.033897
1992-06-19,0.599518,-0.494113,-0.044990
1992-06-26,0.582438,-0.482501,-0.051427
1992-07-03,0.476913,-0.490524,-0.060172
1992-07-10,0.309733,-0.511715,-0.086778
1992-07-17,0.279400,-0.521115,-0.114165
1992-07-24,0.240050,-0.497394,-0.107986
1992-07-31,0.215659,-0.460626,-0.082667
1992-08-07,0.204745,-0.461461,-0.081350
1992-08-14,0.131631,-0.440028,-0.092253
1992-08-21,0.103970,-0.442716,-0.104808
1992-08-28,0.201994,-0.467450,-0.092683
1992-09-04,0.110464,-0.444504,-0.114615
1992-09-11,-0.021896,-0.441252,-0.113363
1992-09-18,0.004828,-0.468824,-0.110812
1992-09-25,0.039192,-0.489895,-0.106268
1992-10-02,-0.072964,-0.499349,-0.099254
1992-10-09,-0.021600,-0.496204,-0.100502
1992-10-16,0.079402,-0.498624,-0.093261
1992-10-23,0.212997,-0.548188,-0.061564
1992-10-30,0.224998,-0.548636,-0.044225
1992-11-06,0.289041,-0.556535,-0.049813
1992-11-13,0.310329,-0.541049,-0.036721
1992-11-20,0.345190,-0.510224,-0.013434
1992-11-27,0.379314,-0.499372,-0.012920
1992-12-04,0.422680,-0.497805,-0.005237
1992-12-11,0.346380,-0.476716,-0.013050
1992-12-18,0.363105,-0.491540,0.008751
1992-12-25,0.316300,-0.475356,0.006893
1993-01-01,0.310409,-0.485946,-0.001440
1993-01-08,0.273267,-0.490388,-0.008226
1993-01-15,0.236400,-0.517868,-0.015592
1993-01-22,0.202045,-0.493949,-0.021298
1993-01-29,0.122651,-0.481717,-0.026202
1993-02-05,0.089991,-0.460478,-0.036996
1993-02-12,0.091299,-0.456417,-0.028954
1993-02-19,0.015316,-0.425012,-0.053204
1993-02-26,-0.056904,-0.363710,-0.055214
1993-03-05,-0.108293,-0.332436,-0.067447
1993-03-12,-0.045276,-0.343588,-0.031511
1993-03-19,-0.041494,-0.358470,-0.051578
1993-03-26,-0.072622,-0.362932,-0.049218
1993-04-02,-0.048901,-0.386256,-0.054022
1993-04-09,-0.061205,-0.382295,-0.061689
1993-04-16,-0.134592,-0.359444,-0.061928
1993-04-23,-0.153310,-0.362552,-0.058846
1993-04-30,-0.093602,-0.370950,-0.077584
1993-05-07,-0.135862,-0.357124,-0.074540
1993-05-14,-0.101828,-0.353748,-0.068163
1993-05-21,-0.004088,-0.371779,-0.048651
1993-05-28,0.043478,-0.359447,-0.027508
1993-06-04,0.021385,-0.337736,-0.025416
1993-06-11,0.041170,-0.325616,-0.013200
1993-06-18,-0.028501,-0.316582,-0.031130
1993-06-25,-0.027533,-0.288417,-0.020133
1993-07-02,-0.100473,-0.284355,-0.030273
1993-07-09,-0.100379,-0.279383,-0.036096
1993-07-16,-0.114682,-0.269229,-0.029004
1993-07-23,-0.048089,-0.281427,-0.010491
1993-07-30,-0.023226,-0.293957,-0.003534
1993-08-06,-0.037159,-0.288382,-0.008489
1993-08-13,-0.080638,-0.284626,-0.013707
1993-08-20,-0.132141,-0.261515,-0.017831
1993-08-27,-0.194674,-0.225781,-0.022613
1993-09-03,-0.235371,-0.199016,-0.025549
1993-09-10,-0.284151,-0.175954,-0.014893
1993-09-17,-0.246952,-0.188911,-0.003677
1993-09-24,-0.224840,-0.220917,-0.002410
1993-10-01,-0.268634,-0.200505,-0.002477
1993-10-08,-0.262295,-0.181731,-0.015331
1993-10-15,-0.279771,-0.144606,-0.017559
1993-10-22,-0.246985,-0.157339,-0.015996
1993-10-29,-0.189289,-0.186860,-0.007566
1993-11-05,-0.089537,-0.232360,0.006147
1993-11-12,-0.084605,-0.233601,-0.003323
1993-11-19,-0.079755,-0.239471,-0.008092
1993-11-26,-0.034365,-0.265030,-0.007330
1993-12-03,-0.036168,-0.259532,0.000263
1993-12-10,-0.066189,-0.248600,0.013350
1993-12-17,-0.037872,-0.286671,0.017799
1993-12-24,-0.042534,-0.270857,0.010922
1993-12-31,-0.055222,-0.276146,0.022067
1994-01-07,-0.020671,-0.287273,0.014964
1994-01-14,-0.112576,-0.270729,0.010682
1994-01-21,-0.099917,-0.284965,0.008628
1994-01-28,-0.107673,-0.291494,0.010303
1994-02-04,-0.036391,-0.264875,0.010877
1994-02-11,0.073886,-0.265190,0.020636
1994-02-18,0.093892,-0.261212,0.027881
1994-02-25,0.199778,-0.287587,0.037029
1994-03-04,0.282397,-0.293094,0.034273
1994-03-11,0.342957,-0.308463,0.045926
1994-03-18,0.369390,-0.318692,0.051383
1994-03-25,0.403484,-0.340851,0.066630
1994-04-01,0.480078,-0.395273,0.077221
1994-04-08,0.623198,-0.425720,0.092974
1994-04-15,0.611948,-0.426576,0.107369
1994-04-22,0.706368,-0.407712,0.118995
1994-04-29,0.712328,-0.357730,0.108023
1994-05-06,0.841392,-0.358508,0.112366
1994-05-13,0.970463,-0.369923,0.121189
1994-05-20,0.818039,-0.304658,0.089396
1994-05-27,0.859975,-0.318162,0.098308
1994-06-03,0.842532,-0.312608,0.108399
1994-06-10,0.771109,-0.291351,0.092369
1994-06-17,0.814918,-0.319553,0.095753
1994-06-24,0.873815,-0.328708,0.109087
1994-07-01,0.932570,-0.352064,0.133976
1994-07-08,0.976663,-0.338379,0.108605
1994-07-15,0.998548,-0.324632,0.099076
1994-07-22,0.925320,-0.311362,0.096282
1994-07-29,0.967063,-0.297200,0.101074
1994-08-05,0.907945,-0.279903,0.092711
1994-08-12,1.001030,-0.306244,0.115469
1994-08-19,1.007251,-0.244538,0.089314
1994-08-26,1.015053,-0.255751,0.093192
1994-09-02,0.982427,-0.239112,0.083430
1994-09-09,1.030824,-0.271424,0.091586
1994-09-16,1.085346,-0.287459,0.096339
1994-09-23,1.156904,-0.283877,0.096332
1994-09-30,1.183047,-0.311871,0.120421
1994-10-07,1.287573,-0.273469,0.094565
1994-10-14,1.253311,-0.258064,0.088678
1994-10-21,1.285977,-0.268321,0.093869
1994-10-28,1.374587,-0.282390,0.103746
1994-11-04,1.425943,-0.282092,0.103660
1994-11-11,1.481916,-0.266380,0.099256
1994-11-18,1.518561,-0.230758,0.111593
1994-11-25,1.520735,-0.219839,0.143261
1994-12-02,1.585222,-0.160947,0.152027
1994-12-09,1.606093,-0.088033,0.155885
1994-12-16,1.622682,-0.106076,0.183639
1994-12-23,1.598964,-0.147334,0.215495
1994-12-30,1.615702,-0.134843,0.224887
1995-01-06,1.660019,-0.102328,0.183259
1995-01-13,1.618136,-0.103719,0.178737
1995-01-20,1.591973,-0.078916,0.156934
1995-01-27,1.604922,-0.075388,0.136248
1995-02-03,1.528979,-0.024115,0.101784
1995-02-10,1.494669,-0.017940,0.101631
1995-02-17,1.454135,-0.008888,0.100580
1995-02-24,1.373683,0.010665,0.073573
1995-03-03,1.327386,0.044603,0.043672
1995-03-10,1.366256,0.028280,0.052045
1995-03-17,1.260318,0.083037,0.032865
1995-03-24,1.272992,0.061010,0.034128
1995-03-31,1.268087,0.054804,0.045793
1995-04-07,1.254213,0.069950,0.033982
1995-04-14,1.213939,0.063755,0.029034
1995-04-21,1.161657,0.068646,0.002265
1995-04-28,1.184703,0.082891,0.007854
1995-05-05,1.134883,0.102979,-0.000235
1995-05-12,1.004398,0.167096,-0.037167
1995-05-19,0.997812,0.190884,-0.032822
1995-05-26,0.949582,0.216464,-0.044697
1995-06-02,0.792622,0.243972,-0.065585
1995-06-09,0.783250,0.252885,-0.067963
1995-06-16,0.773802,0.233044,-0.055517
1995-06-23,0.717636,0.244998,-0.055233
1995-06-30,0.756366,0.227959,-0.040946
1995-07-07,0.723955,0.247095,-0.060159
1995-07-14,0.696079,0.241910,-0.063263
1995-07-21,0.833094,0.184891,-0.040750
1995-07-28,0.873541,0.160229,-0.029395
1995-08-04,0.867616,0.154240,-0.038761
1995-08-11,0.881444,0.143350,-0.026860
1995-08-18,0.940079,0.135956,-0.003986
1995-08-25,0.904340,0.140546,-0.008553
1995-09-01,0.796764,0.167097,-0.012573
1995-09-08,0.760765,0.200420,-0.018885
1995-09-15,0.737339,0.203897,-0.016947
1995-09-22,0.732460,0.176757,0.002556
1995-09-29,0.783749,0.164635,0.010489
1995-10-06,0.724626,0.219542,-0.013640
1995-10-13,0.701219,0.226210,-0.013988
1995-10-20,0.673075,0.233425,-0.012031
1995-10-27,0.674932,0.213031,-0.015234
1995-11-03,0.644396,0.244439,-0.051261
1995-11-10,0.646181,0.262722,-0.067855
1995-11-17,0.638547,0.267202,-0.075451
1995-11-24,0.625747,0.267237,-0.061840
1995-12-01,0.575927,0.287325,-0.069930
1995-12-08,0.525753,0.317688,-0.068298
1995-12-15,0.539626,0.289056,-0.050844
1995-12-22,0.505521,0.219317,-0.026630
1995-12-29,0.426002,0.223043,-0.022303
1996-01-05,0.435771,0.264181,-0.056789
1996-01-12,0.461155,0.234644,-0.063272
1996-01-19,0.380235,0.256309,-0.072449
1996-01-26,0.406780,0.240755,-0.069458
1996-02-02,0.371578,0.234034,-0.089790
1996-02-09,0.343997,0.195517,-0.090117
1996-02-16,0.314732,0.195129,-0.102206
1996-02-23,0.470287,0.131617,-0.072250
1996-03-01,0.535128,0.118157,-0.046193
1996-03-08,0.562768,0.117654,-0.031352
1996-03-15,0.730314,0.066836,0.011422
1996-03-22,0.742566,0.077770,0.014699
1996-03-29,0.736174,0.087378,0.017520
1996-04-05,0.759300,0.079280,0.029694
1996-04-12,0.869672,0.005870,0.066326
1996-04-19,0.802878,-0.005706,0.066224
1996-04-26,0.821859,0.022613,0.042315
1996-05-03,0.904710,-0.017664,0.044751
1996-05-10,0.940569,-0.038216,0.051334
1996-05-17,0.885967,0.000162,0.039995
1996-05-24,0.882782,0.013304,0.037442
1996-05-31,0.944824,-0.015375,0.057899
1996-06-07,0.989900,-0.024278,0.063812
1996-06-14,1.053903,-0.052045,0.068437
1996-06-21,1.032113,-0.047333,0.066500
1996-06-28,0.990021,-0.026754,0.060184
1996-07-05,0.994744,-0.006024,0.048919
1996-07-12,1.044544,-0.029303,0.059294
1996-07-19,0.980670,-0.001164,0.049877
1996-07-26,0.999414,-0.005504,0.048991
1996-08-02,0.957397,0.016857,0.039136
1996-08-09,0.831310,0.039949,0.029909
1996-08-16,0.842260,0.036184,0.029625
1996-08-23,0.867270,0.013731,0.035149
1996-08-30,0.979220,-0.019426,0.053392
1996-09-06,1.053796,-0.022254,0.059657
1996-09-13,1.007216,-0.016717,0.052868
1996-09-20,0.982212,-0.004902,0.051825
1996-09-27,0.910607,-0.017712,0.057565
1996-10-04,0.842191,-0.003207,0.048930
1996-10-11,0.828252,0.026491,0.033851
1996-10-18,0.820617,0.030972,0.026255
1996-10-25,0.826776,0.029163,0.029528
1996-11-01,0.769248,0.065437,0.011737
1996-11-08,0.728439,0.097525,0.011267
1996-11-15,0.687664,0.125013,0.011830
1996-11-22,0.678359,0.132860,0.007076
1996-11-29,0.658064,0.138090,0.007177
1996-12-06,0.650240,0.105655,0.022514
1996-12-13,0.698561,0.044590,0.045494
1996-12-20,0.748448,0.036921,0.045565
1996-12-27,0.746733,0.071516,0.037211
1997-01-03,0.804691,0.067207,0.024813
1997-01-10,0.848324,0.029403,0.038721
1997-01-17,0.848129,0.030097,0.045887
1997-01-24,0.860614,0.033233,0.043071
1997-01-31,0.870181,0.023626,0.038283
1997-02-07,0.790722,0.050410,0.030111
1997-02-14,0.762458,0.073586,0.030053
1997-02-21,0.746741,0.074363,0.036049
1997-02-28,0.841610,0.052819,0.047856
1997-03-07,0.895945,0.040326,0.058612
1997-03-14,0.910034,0.027676,0.060972
1997-03-21,0.975385,0.023837,0.063425
1997-03-28,1.026500,0.029086,0.070596
1997-04-04,1.056144,-0.015219,0.086444
1997-04-11,1.062235,-0.029448,0.097735
1997-04-18,1.063592,-0.016158,0.100043
1997-04-25,1.072918,-0.007328,0.096869
1997-05-02,0.995262,0.013957,0.081104
1997-05-09,0.960764,0.010189,0.092597
1997-05-16,0.945328,0.012397,0.086766
1997-05-23,0.967461,0.010554,0.074462
1997-05-30,0.953162,-0.030388,0.102963
1997-06-06,0.895400,0.000199,0.096909
1997-06-13,0.846989,0.005196,0.101161
1997-06-20,0.803356,0.042999,0.087254
1997-06-27,0.826985,0.041676,0.076987
1997-07-04,0.828678,0.068472,0.060574
1997-07-11,0.753632,0.095032,0.062055
1997-07-18,0.758297,0.119675,0.052003
1997-07-25,0.742537,0.135692,0.052486
1997-08-01,0.710013,0.160150,0.035739
1997-08-08,0.783239,0.133394,0.044175
1997-08-15,0.802291,0.123037,0.033657
1997-08-22,0.767942,0.122831,0.038074
1997-08-29,0.811529,0.102770,0.046429
1997-09-05,0.792671,0.085462,0.061067
1997-09-12,0.789437,0.075889,0.069890
1997-09-19,0.698935,0.114952,0.062183
1997-09-26,0.661277,0.103392,0.078960
1997-10-03,0.656890,0.131275,0.055776
1997-10-10,0.656817,0.142979,0.053671
1997-10-17,0.689286,0.119930,0.071671
1997-10-24,0.696949,0.134974,0.070176
1997-10-31,0.607038,0.196421,0.029725
1997-11-07,0.639597,0.215954,0.026136
1997-11-14,0.634701,0.226081,0.030995
1997-11-21,0.623638,0.235169,0.033744
1997-11-28,0.632870,0.225541,0.042036
1997-12-05,0.637357,0.227098,0.048151
1997-12-12,0.631252,0.214012,0.049269
1997-12-19,0.596870,0.245378,0.041367
1997-12-26,0.613966,0.288052,0.024109
1998-01-02,0.607975,0.283129,0.017118
1998-01-09,0.432308,0.294386,0.003832
1998-01-16,0.402930,0.299321,-0.005791
1998-01-23,0.456110,0.262205,-0.000029
1998-01-30,0.485770,0.272187,-0.007875
1998-02-06,0.460914,0.274078,-0.010351
1998-02-13,0.473025,0.284298,-0.001161
1998-02-20,0.455544,0.296955,0.007858
1998-02-27,0.537875,0.287171,0.018091
1998-03-06,0.565995,0.236308,0.035348
1998-03-13,0.497141,0.242973,0.046778
1998-03-20,0.492407,0.270491,0.037796
1998-03-27,0.528192,0.261644,0.042273
1998-04-03,0.506347,0.254278,0.047231
1998-04-10,0.467530,0.255706,0.043248
1998-04-17,0.504683,0.247006,0.054554
1998-04-24,0.526526,0.227399,0.060882
1998-05-01,0.554575,0.201727,0.070392
1998-05-08,0.529827,0.235906,0.049684
1998-05-15,0.548458,0.236889,0.051263
1998-05-22,0.540557,0.267255,0.043085
1998-05-29,0.493546,0.254313,0.060842
1998-06-05,0.495191,0.258394,0.055804
1998-06-12,0.479513,0.279040,0.051586
1998-06-19,0.476301,0.299629,0.046837
1998-06-26,0.452724,0.272572,0.067137
1998-07-03,0.446653,0.289991,0.053561
1998-07-10,0.421863,0.290817,0.048710
1998-07-17,0.459574,0.287481,0.036323
1998-07-24,0.445230,0.277768,0.053628
1998-07-31,0.457823,0.264599,0.053949
1998-08-07,0.422139,0.281266,0.042486
1998-08-14,0.392753,0.283353,0.034026
1998-08-21,0.383514,0.290134,0.026897
1998-08-28,0.276501,0.333031,-0.006419
1998-09-04,0.181665,0.336489,-0.011550
1998-09-11,0.096274,0.367921,-0.033568
1998-09-18,0.043063,0.358541,-0.018953
1998-09-25,-0.040923,0.377387,-0.028669
1998-10-02,-0.190513,0.361717,-0.015491
1998-10-09,-0.286483,0.295152,-0.006532
1998-10-16,-0.280616,0.227610,-0.024649
1998-10-23,-0.280619,0.235744,-0.029090
1998-10-30,-0.224235,0.280230,-0.061398
1998-11-06,-0.056425,0.316701,-0.066463
1998-11-13,-0.037070,0.310343,-0.029702
1998-11-20,-0.014281,0.288738,0.001194
1998-11-27,0.008968,0.318622,-0.007189
1998-12-04,-0.102943,0.344674,-0.024359
1998-12-11,-0.111127,0.346637,-0.009425
1998-12-18,-0.117246,0.354828,-0.017268
1998-12-25,-0.010407,0.329302,0.015286
1999-01-01,-0.025894,0.338271,0.009505
1999-01-08,-0.018067,0.306124,0.021221
1999-01-15,-0.028841,0.306004,0.016625
1999-01-22,-0.049613,0.297013,0.041361
1999-01-29,-0.050946,0.327371,0.019839
1999-02-05,0.034760,0.292769,0.031062
1999-02-12,0.078480,0.270576,0.034666
1999-02-19,0.131105,0.255067,0.052836
1999-02-26,0.213826,0.243894,0.048737
1999-03-05,0.293505,0.195482,0.057580
1999-03-12,0.215496,0.227042,0.051537
1999-03-19,0.173309,0.229164,0.056687
1999-03-26,0.190591,0.206219,0.060437
1999-04-02,0.187840,0.186744,0.054748
1999-04-09,0.126836,0.204910,0.058679
1999-04-16,0.132786,0.176481,0.081526
1999-04-23,0.167209,0.178468,0.073571
1999-04-30,0.207987,0.191437,0.056080
1999-05-07,0.297283,0.169619,0.043116
1999-05-14,0.328471,0.148547,0.049627
1999-05-21,0.390254,0.135115,0.073982
1999-05-28,0.382136,0.149498,0.080899
1999-06-04,0.492764,0.098452,0.097866
1999-06-11,0.522375,0.072232,0.107039
1999-06-18,0.528916,0.079673,0.091499
1999-06-25,0.573946,0.075026,0.097501
1999-07-02,0.528735,0.107682,0.086256
1999-07-09,0.516120,0.090689,0.099506
1999-07-16,0.458351,0.131914,0.088972
1999-07-23,0.441304,0.111954,0.094854
1999-07-30,0.513156,0.095689,0.091981
1999-08-06,0.566367,0.091583,0.083010
1999-08-13,0.634869,0.079203,0.086985
1999-08-20,0.559703,0.108238,0.092094
1999-08-27,0.542685,0.169880,0.061873
1999-09-03,0.606686,0.128628,0.072142
1999-09-10,0.566102,0.101478,0.088111
1999-09-17,0.547357,0.092332,0.094640
1999-09-24,0.542669,0.115593,0.085568
1999-10-01,0.566178,0.116745,0.078930
1999-10-08,0.618856,0.086341,0.101489
1999-10-15,0.679827,0.099747,0.085240
1999-10-22,0.732894,0.116546,0.072098
1999-10-29,0.729661,0.120459,0.075277
1999-11-05,0.661153,0.156964,0.061179
1999-11-12,0.656395,0.189426,0.050041
1999-11-19,0.698258,0.187626,0.056848
1999-11-26,0.740194,0.174122,0.065760
1999-12-03,0.783902,0.151585,0.070487
1999-12-10,0.738764,0.159051,0.066990
1999-12-17,0.816593,0.168986,0.062147
1999-12-24,0.913276,0.171763,0.053912
1999-12-31,0.883554,0.111752,0.085543
2000-01-07,0.961604,0.100059,0.081373
2000-01-14,1.005164,0.073960,0.093175
2000-01-21,1.058506,0.067722,0.079453
2000-01-28,1.053417,0.105515,0.080192
2000-02-04,1.077049,0.152160,0.109948
2000-02-11,1.107918,0.136763,0.127212
2000-02-18,1.096864,0.162184,0.123156
2000-02-25,1.042236,0.221496,0.103980
2000-03-03,1.033105,0.211971,0.099989
2000-03-10,1.045626,0.223993,0.092562
2000-03-17,1.015556,0.260801,0.095656
2000-03-24,0.997457,0.307114,0.113854
2000-03-31,0.990947,0.303207,0.125986
2000-04-07,0.892905,0.351722,0.104859
2000-04-14,0.874188,0.348614,0.107941
2000-04-21,0.898251,0.314673,0.094539
2000-04-28,0.972497,0.274214,0.129649
2000-05-05,1.109639,0.252672,0.131646
2000-05-12,1.186134,0.279480,0.110924
2000-05-19,1.174874,0.262291,0.132125
2000-05-26,1.109677,0.245568,0.132719
2000-06-02,1.017584,0.252168,0.140083
2000-06-09,0.983532,0.321165,0.103335
2000-06-16,0.935288,0.319430,0.103870
2000-06-23,0.943016,0.306435,0.111285
2000-06-30,0.930785,0.312178,0.100080
2000-07-07,0.908111,0.368917,0.049789
2000-07-14,0.948842,0.386143,0.032388
2000-07-21,0.976725,0.380689,0.039973
2000-07-28,0.947442,0.404082,0.018883
2000-08-04,0.922774,0.429404,-0.000882
2000-08-11,0.891166,0.461816,0.004704
2000-08-18,0.907397,0.470038,0.036497
2000-08-25,0.884124,0.488059,0.025756
2000-09-01,0.881292,0.490927,0.013480
2000-09-08,0.836429,0.475355,0.009403
2000-09-15,0.827316,0.442049,0.014412
2000-09-22,0.848339,0.432947,-0.013060
2000-09-29,0.832756,0.458564,-0.023101
2000-10-06,0.839518,0.457863,-0.043612
2000-10-13,0.786633,0.475132,-0.052240
2000-10-20,0.764830,0.514606,-0.068781
2000-10-27,0.780155,0.531207,-0.066128
2000-11-03,0.819395,0.510304,-0.069801
2000-11-10,0.844563,0.499890,-0.076917
2000-11-17,0.788335,0.523891,-0.079860
2000-11-24,0.760044,0.541029,-0.076471
2000-12-01,0.690306,0.537644,-0.086382
2000-12-08,0.575343,0.539600,-0.095131
2000-12-15,0.536009,0.555531,-0.085634
2000-12-22,0.374006,0.511535,-0.061892
2000-12-29,0.378042,0.548493,-0.112949
2001-01-05,0.232921,0.488572,-0.132595
2001-01-12,0.199132,0.415664,-0.119176
2001-01-19,0.242931,0.406233,-0.124713
2001-01-26,0.258993,0.359732,-0.123581
2001-02-02,0.182747,0.330821,-0.111277
2001-02-09,0.186775,0.350823,-0.094138
2001-02-16,0.200120,0.349836,-0.067725
2001-02-23,0.169891,0.326635,-0.092013
2001-03-02,0.056304,0.331586,-0.095096
2001-03-09,0.046715,0.311030,-0.076737
2001-03-16,-0.027955,0.295401,-0.071535
2001-03-23,-0.107399,0.271432,-0.059420
2001-03-30,-0.060156,0.214497,-0.056258
2001-04-06,-0.123388,0.161076,-0.055729
2001-04-13,-0.087633,0.105733,-0.030875
2001-04-20,-0.029763,0.058841,-0.021684
2001-04-27,-0.078784,0.017266,-0.033710
2001-05-04,-0.046130,0.020151,-0.033039
2001-05-11,-0.095547,-0.003768,-0.039614
2001-05-18,-0.038061,-0.073395,-0.005967
2001-05-25,-0.019542,-0.067089,-0.001923
2001-06-01,-0.023769,-0.070406,-0.017579
2001-06-08,-0.092391,-0.042064,-0.023569
2001-06-15,-0.135785,-0.049669,-0.027804
2001-06-22,-0.183748,-0.049975,-0.039096
2001-06-29,-0.128151,-0.054150,-0.020208
2001-07-06,-0.062647,-0.056930,-0.024790
2001-07-13,-0.112378,-0.042851,-0.033099
2001-07-20,-0.171878,-0.021318,-0.028292
2001-07-27,-0.190186,-0.022624,-0.041828
2001-08-03,-0.217838,-0.022464,-0.055546
2001-08-10,-0.241269,-0.029969,-0.048005
2001-08-17,-0.299193,-0.016774,-0.040218
2001-08-24,-0.315046,-0.005730,-0.033912
2001-08-31,-0.341526,0.008757,-0.039278
2001-09-07,-0.322627,-0.016144,-0.037117
2001-09-14,-0.585557,-0.076937,-0.075462
2001-09-21,-0.723246,-0.199939,-0.056571
2001-09-28,-0.734011,-0.183726,-0.067974
2001-10-05,-0.801265,-0.190342,-0.051408
2001-10-12,-0.760401,-0.223840,-0.052191
2001-10-19,-0.783937,-0.217544,-0.047748
2001-10-26,-0.799192,-0.229859,-0.053979
2001-11-02,-0.922170,-0.205701,-0.062797
2001-11-09,-0.998461,-0.224726,-0.054803
2001-11-16,-0.810778,-0.300670,0.001751
2001-11-23,-0.682968,-0.355509,0.018169
2001-11-30,-0.700136,-0.372993,0.027679
2001-12-07,-0.723573,-0.399335,0.042066
2001-12-14,-0.660551,-0.469095,0.042460
2001-12-21,-0.640739,-0.464423,0.056871
2001-12-28,-0.617574,-0.466139,0.064474
2002-01-04,-0.629890,-0.462521,0.057930
2002-01-11,-0.711886,-0.452716,0.034617
2002-01-18,-0.775686,-0.436282,0.027306
2002-01-25,-0.676664,-0.442804,0.052664
2002-02-01,-0.662742,-0.435236,0.053099
2002-02-08,-0.718704,-0.407644,0.039412
2002-02-15,-0.704837,-0.412152,0.046742
2002-02-22,-0.728372,-0.392370,0.045543
2002-03-01,-0.703839,-0.393940,0.059975
2002-03-08,-0.584303,-0.440806,0.091547
2002-03-15,-0.472502,-0.477525,0.116866
2002-03-22,-0.438851,-0.483399,0.142056
2002-03-29,-0.434248,-0.495299,0.150145
2002-04-05,-0.480633,-0.490457,0.136191
2002-04-12,-0.545816,-0.479865,0.124376
2002-04-19,-0.564030,-0.476198,0.105017
2002-04-26,-0.599726,-0.459874,0.094677
2002-05-03,-0.613350,-0.446832,0.074448
2002-05-10,-0.609864,-0.455353,0.062889
2002-05-17,-0.561852,-0.475295,0.079774
2002-05-24,-0.605513,-0.457015,0.074958
2002-05-31,-0.636710,-0.438791,0.069610
2002-06-07,-0.664444,-0.429774,0.054949
2002-06-14,-0.714069,-0.410380,0.039693
2002-06-21,-0.780914,-0.380089,0.023915
2002-06-28,-0.788475,-0.387313,0.018424
2002-07-05,-0.797660,-0.381942,0.010043
2002-07-12,-0.862640,-0.355711,-0.015744
2002-07-19,-0.893299,-0.348799,-0.036857
2002-07-26,-1.012738,-0.299465,-0.074212
2002-08-02,-1.022842,-0.313029,-0.099324
2002-08-09,-1.128435,-0.284880,-0.121421
2002-08-16,-1.144018,-0.238266,-0.080154
2002-08-23,-1.117484,-0.254162,-0.076040
2002-08-30,-1.119209,-0.235901,-0.077588
2002-09-06,-1.228403,-0.185773,-0.090102
2002-09-13,-1.194611,-0.177447,-0.076469
2002-09-20,-1.261752,-0.140795,-0.083738
2002-09-27,-1.317914,-0.117860,-0.089057
2002-10-04,-1.371650,-0.128726,-0.112350
2002-10-11,-1.370255,-0.122541,-0.108969
2002-10-18,-1.176597,-0.212398,-0.095649
2002-10-25,-1.139109,-0.234563,-0.091779
2002-11-01,-1.304698,-0.223292,-0.133456
2002-11-08,-1.317877,-0.270117,-0.085267
2002-11-15,-1.343236,-0.274999,-0.065303
2002-11-22,-1.267163,-0.312414,-0.041273
2002-11-29,-1.215692,-0.339059,-0.033741
2002-12-06,-1.232570,-0.338780,-0.042862
2002-12-13,-1.304000,-0.306883,-0.063373
2002-12-20,-1.312998,-0.305054,-0.077758
2002-12-27,-1.378395,-0.283473,-0.085765
2003-01-03,-1.367278,-0.280485,-0.095410
2003-01-10,-1.297040,-0.329899,-0.080966
2003-01-17,-1.307640,-0.333904,-0.090443
2003-01-24,-1.367014,-0.303865,-0.094868
2003-01-31,-1.343748,-0.311248,-0.088607
2003-02-07,-1.353105,-0.310126,-0.087667
2003-02-14,-1.377761,-0.297947,-0.102912
2003-02-21,-1.398237,-0.278193,-0.102411
2003-02-28,-1.437411,-0.244871,-0.106756
2003-03-07,-1.502917,-0.220471,-0.112257
2003-03-14,-1.510787,-0.235163,-0.102474
2003-03-21,-1.359555,-0.304461,-0.082391
2003-03-28,-1.376273,-0.300275,-0.099711
2003-04-04,-1.424228,-0.297733,-0.112166
2003-04-11,-1.385330,-0.308018,-0.107240
2003-04-18,-1.354623,-0.305702,-0.091861
2003-04-25,-1.368530,-0.307575,-0.094621
2003-05-02,-1.410233,-0.301869,-0.109626
2003-05-09,-1.477491,-0.265246,-0.113228
2003-05-16,-1.551605,-0.219408,-0.096138
2003-05-23,-1.620593,-0.175505,-0.095685
2003-05-30,-1.620264,-0.164846,-0.113244
2003-06-06,-1.651111,-0.167878,-0.122711
2003-06-13,-1.735543,-0.159720,-0.111199
2003-06-20,-1.696651,-0.207958,-0.089384
2003-06-27,-1.652803,-0.229780,-0.090570
2003-07-04,-1.602298,-0.271103,-0.099679
2003-07-11,-1.553491,-0.301613,-0.108140
2003-07-18,-1.468911,-0.354800,-0.105358
2003-07-25,-1.368599,-0.416555,-0.105254
2003-08-01,-1.268663,-0.463093,-0.097584
2003-08-08,-1.281809,-0.444307,-0.079816
2003-08-15,-1.233030,-0.480855,-0.084829
2003-08-22,-1.218021,-0.474570,-0.065739
2003-08-29,-1.181114,-0.475815,-0.047217
2003-09-05,-1.186848,-0.493480,-0.058145
2003-09-12,-1.295326,-0.447569,-0.096908
2003-09-19,-1.340814,-0.418847,-0.096287
2003-09-26,-1.356854,-0.404261,-0.083977
2003-10-03,-1.411168,-0.375091,-0.102662
2003-10-10,-1.336023,-0.434289,-0.094200
2003-10-17,-1.249219,-0.469831,-0.065444
2003-10-24,-1.276021,-0.441536,-0.064497
2003-10-31,-1.283776,-0.434580,-0.068465
2003-11-07,-1.223416,-0.460236,-0.044042
2003-11-14,-1.231627,-0.450824,-0.031303
2003-11-21,-1.311174,-0.404545,-0.044897
2003-11-28,-1.263361,-0.421288,-0.020886
2003-12-05,-1.216526,-0.453053,-0.012393
2003-12-12,-1.272075,-0.439649,-0.037014
2003-12-19,-1.309590,-0.423521,-0.037436
2003-12-26,-1.303452,-0.428521,-0.031878
2004-01-02,-1.270330,-0.441234,-0.043394
2004-01-09,-1.293570,-0.441298,-0.047460
2004-01-16,-1.393458,-0.385532,-0.060863
2004-01-23,-1.385749,-0.388231,-0.056805
2004-01-30,-1.321988,-0.411047,-0.044923
2004-02-06,-1.320465,-0.404489,-0.046333
2004-02-13,-1.359444,-0.385347,-0.052201
2004-02-20,-1.368695,-0.378910,-0.058207
2004-02-27,-1.381038,-0.367844,-0.066947
2004-03-05,-1.389043,-0.358784,-0.062496
2004-03-12,-1.493694,-0.295023,-0.075791
2004-03-19,-1.498439,-0.297324,-0.072324
2004-03-26,-1.496768,-0.300690,-0.075167
2004-04-02,-1.412539,-0.346107,-0.062624
2004-04-09,-1.294161,-0.415091,-0.036085
2004-04-16,-1.219626,-0.451272,-0.013964
2004-04-23,-1.167103,-0.461115,0.005548
2004-04-30,-1.120831,-0.474120,0.027611
2004-05-07,-1.055454,-0.498892,0.037903
2004-05-14,-0.956083,-0.540156,0.064786
2004-05-21,-0.985710,-0.519631,0.057938
2004-05-28,-1.002937,-0.498096,0.052935
2004-06-04,-0.947112,-0.485946,0.055606
2004-06-11,-0.897474,-0.478025,0.058453
2004-06-18,-0.885794,-0.451179,0.076462
2004-06-25,-0.919936,-0.438250,0.066947
2004-07-02,-0.949442,-0.420201,0.056472
2004-07-09,-1.022453,-0.390948,0.038584
2004-07-16,-1.017965,-0.375905,0.039056
2004-07-23,-0.999824,-0.367867,0.056309
2004-07-30,-0.937519,-0.371334,0.055939
2004-08-06,-1.007343,-0.328252,0.029319
2004-08-13,-1.066663,-0.299622,0.023642
2004-08-20,-1.086816,-0.280191,0.012186
2004-08-27,-1.063475,-0.272307,0.009266
2004-09-03,-1.076047,-0.242461,0.001017
2004-09-10,-1.054404,-0.237249,0.004387
2004-09-17,-1.077919,-0.214277,0.000902
2004-09-24,-1.089552,-0.175790,0.012740
2004-10-01,-1.060081,-0.189239,0.022183
2004-10-08,-1.017963,-0.217267,0.030695
2004-10-15,-1.076846,-0.180797,0.004953
2004-10-22,-1.070907,-0.147492,0.001910
2004-10-29,-1.050572,-0.132855,-0.008404
2004-11-05,-1.000778,-0.132010,-0.008153
2004-11-12,-0.923351,-0.134515,0.008102
2004-11-19,-0.914663,-0.108707,0.022035
2004-11-26,-0.871464,-0.100408,0.033436
2004-12-03,-0.824086,-0.132503,0.020561
2004-12-10,-0.880406,-0.086502,0.012155
2004-12-17,-0.884165,-0.084420,0.035620
2004-12-24,-0.865469,-0.097988,0.040466
2004-12-31,-0.829496,-0.110378,0.038940
2005-01-07,-0.794219,-0.088390,0.050091
2005-01-14,-0.785329,-0.073914,0.061338
2005-01-21,-0.796484,-0.056312,0.064268
2005-01-28,-0.784167,-0.046444,0.065170
2005-02-04,-0.767594,-0.013734,0.072637
2005-02-11,-0.789753,0.009042,0.077103
2005-02-18,-0.729018,0.003275,0.078233
2005-02-25,-0.660359,-0.002696,0.073969
2005-03-04,-0.607371,-0.012145,0.075612
2005-03-11,-0.563850,-0.031140,0.086342
2005-03-18,-0.526549,-0.036278,0.090572
2005-03-25,-0.476856,-0.043252,0.097809
2005-04-01,-0.491187,-0.039137,0.108348
2005-04-08,-0.540794,-0.030038,0.096451
2005-04-15,-0.590660,-0.005692,0.088451
2005-04-22,-0.618601,0.052267,0.060710
2005-04-29,-0.609813,0.058923,0.078943
2005-05-06,-0.619341,0.061426,0.084803
2005-05-13,-0.611819,0.062268,0.094864
2005-05-20,-0.649361,0.085843,0.092247
2005-05-27,-0.646442,0.112072,0.088576
2005-06-03,-0.690129,0.151285,0.075921
2005-06-10,-0.663984,0.150263,0.088724
2005-06-17,-0.610924,0.115623,0.098114
2005-06-24,-0.645267,0.153371,0.085642
2005-07-01,-0.636040,0.181353,0.078167
2005-07-08,-0.578352,0.162471,0.082116
2005-07-15,-0.536388,0.155005,0.087580
2005-07-22,-0.488097,0.165969,0.081312
2005-07-29,-0.452391,0.179465,0.079204
2005-08-05,-0.400954,0.170905,0.080060
2005-08-12,-0.376265,0.175746,0.086254
2005-08-19,-0.421636,0.204496,0.083207
2005-08-26,-0.434154,0.219447,0.079348
2005-09-02,-0.499236,0.237858,0.060547
2005-09-09,-0.497386,0.228103,0.052864
2005-09-16,-0.477167,0.207605,0.061944
2005-09-23,-0.447695,0.207642,0.065744
2005-09-30,-0.399936,0.192308,0.091008
2005-10-07,-0.342405,0.196492,0.091869
2005-10-14,-0.292228,0.206587,0.073308
2005-10-21,-0.267230,0.232382,0.058585
2005-10-28,-0.215867,0.222041,0.062979
2005-11-04,-0.170903,0.218461,0.071357
2005-11-11,-0.166408,0.222866,0.076309
2005-11-18,-0.186849,0.251505,0.072200
2005-11-25,-0.233483,0.258451,0.066665
2005-12-02,-0.210338,0.253544,0.076553
2005-12-09,-0.194566,0.251357,0.069305
2005-12-16,-0.221187,0.238157,0.081138
2005-12-23,-0.221334,0.261566,0.076928
2005-12-30,-0.238729,0.289834,0.075642
2006-01-06,-0.222598,0.331316,0.036100
2006-01-13,-0.185257,0.346045,0.030117
2006-01-20,-0.196083,0.374306,0.015487
2006-01-27,-0.143084,0.365200,0.016006
2006-02-03,-0.082617,0.358346,0.027840
2006-02-10,-0.059639,0.360171,0.041447
2006-02-17,-0.031709,0.363946,0.043299
2006-02-24,-0.025757,0.375974,0.049217
2006-03-03,-0.002147,0.371459,0.041236
2006-03-10,0.034221,0.333557,0.035501
2006-03-17,0.008089,0.348408,0.015933
2006-03-24,0.020185,0.366418,0.021805
2006-03-31,0.060706,0.330052,0.035264
2006-04-07,0.099885,0.321197,0.028363
2006-04-14,0.137400,0.305069,0.028785
2006-04-21,0.144088,0.302587,0.011812
2006-04-28,0.172205,0.302820,0.007661
2006-05-05,0.200543,0.294911,-0.001461
2006-05-12,0.218953,0.304036,0.005088
2006-05-19,0.200255,0.304119,0.005885
2006-05-26,0.182805,0.320311,0.011495
2006-06-02,0.201409,0.315256,0.016522
2006-06-09,0.187032,0.337114,0.021508
2006-06-16,0.222522,0.334627,0.034494
2006-06-23,0.290966,0.312674,0.045325
2006-06-30,0.316158,0.324289,0.029079
2006-07-07,0.300573,0.336420,0.024681
2006-07-14,0.270975,0.362983,0.014385
2006-07-21,0.264837,0.381469,0.003185
2006-07-28,0.244804,0.384938,-0.006256
2006-08-04,0.201345,0.405371,-0.019401
2006-08-11,0.187384,0.404907,-0.020908
2006-08-18,0.179462,0.418596,-0.021158
2006-08-25,0.145033,0.440734,-0.023327
2006-09-01,0.118486,0.442801,-0.020675
2006-09-08,0.106214,0.415190,-0.016024
2006-09-15,0.102925,0.407027,-0.005949
2006-09-22,0.070167,0.425798,-0.010960
2006-09-29,0.014075,0.439533,-0.014213
2006-10-06,0.022092,0.444302,-0.025429
2006-10-13,0.121551,0.432134,-0.014493
2006-10-20,0.132521,0.445046,-0.022706
2006-10-27,0.134064,0.454794,-0.026400
2006-11-03,0.067117,0.477266,-0.035193
2006-11-10,0.076275,0.479342,-0.029007
2006-11-17,0.072867,0.487140,-0.020946
2006-11-24,0.054169,0.487223,-0.020150
2006-12-01,0.004524,0.503427,-0.033120
2006-12-08,-0.020118,0.494329,-0.039404
2006-12-15,0.013800,0.462570,-0.013632
2006-12-22,0.032692,0.461793,-0.021595
2006-12-29,0.074636,0.451136,-0.013845
2007-01-05,0.077878,0.463557,-0.023831
2007-01-12,0.107350,0.463594,-0.020030
2007-01-19,0.144644,0.455608,-0.014638
2007-01-26,0.172693,0.443422,-0.010771
2007-02-02,0.183689,0.435400,-0.011145
2007-02-09,0.149354,0.462509,-0.019137
2007-02-16,0.143169,0.471766,-0.024604
2007-02-23,0.122996,0.488006,-0.033774
2007-03-02,0.036144,0.514320,-0.056798
2007-03-09,0.011510,0.508069,-0.064244
2007-03-16,0.003746,0.498692,-0.061407
2007-03-23,0.013238,0.487304,-0.062657
2007-03-30,0.024475,0.474331,-0.070287
2007-04-06,0.052310,0.459648,-0.056969
2007-04-13,0.084733,0.440856,-0.038879
2007-04-20,0.053664,0.445966,-0.043374
2007-04-27,0.033537,0.444464,-0.046991
2007-05-04,0.020756,0.434203,-0.030023
2007-05-11,0.026645,0.431307,-0.016047
2007-05-18,0.056251,0.394106,-0.001271
2007-05-25,0.113995,0.387300,-0.004218
2007-06-01,0.137052,0.353297,0.021618
2007-06-08,0.182384,0.318165,0.029235
2007-06-15,0.223225,0.241019,0.047667
2007-06-22,0.189326,0.262483,0.025253
2007-06-29,0.178687,0.300688,-0.001023
2007-07-06,0.212992,0.332122,-0.016636
2007-07-13,0.213066,0.333904,-0.020174
2007-07-20,0.183494,0.353019,-0.028274
2007-07-27,0.102793,0.388162,-0.052506
2007-08-03,0.034517,0.403382,-0.067055
2007-08-10,0.020702,0.379509,-0.064352
2007-08-17,-0.151850,0.262669,-0.023124
2007-08-24,-0.278344,0.157300,0.038331
2007-08-31,-0.225170,0.284454,-0.025738
2007-09-07,-0.252628,0.332511,-0.067992
2007-09-14,-0.318323,0.284889,-0.034834
2007-09-21,-0.282292,0.219994,-0.016204
2007-09-28,-0.305231,0.175959,-0.013012
2007-10-05,-0.280499,0.227639,-0.028317
2007-10-12,-0.198194,0.238788,-0.025923
2007-10-19,-0.272536,0.247303,-0.043924
2007-10-26,-0.379621,0.266799,-0.063619
2007-11-02,-0.389189,0.249434,-0.047545
2007-11-09,-0.511616,0.184557,-0.040555
2007-11-16,-0.584669,0.180456,-0.042586
2007-11-23,-0.736196,0.186525,-0.084099
2007-11-30,-0.795773,0.179305,-0.064468
2007-12-07,-0.812231,0.168244,-0.085687
2007-12-14,-0.765971,0.098448,-0.039889
2007-12-21,-0.745843,0.113436,-0.041915
2007-12-28,-0.664447,0.148955,-0.074342
2008-01-04,-0.810014,0.218491,-0.132469
2008-01-11,-0.885710,0.227203,-0.158422
2008-01-18,-0.983276,0.227862,-0.177171
2008-01-25,-1.211889,0.079700,-0.121235
2008-02-01,-1.194769,0.025877,-0.098000
2008-02-08,-1.247822,0.028881,-0.154218
2008-02-15,-1.231417,0.033840,-0.188697
2008-02-22,-1.175499,-0.011115,-0.164837
2008-02-29,-1.250265,-0.045203,-0.148169
2008-03-07,-1.445780,-0.109581,-0.144244
2008-03-14,-1.497902,-0.128378,-0.106533
2008-03-21,-1.634274,-0.223475,-0.029456
2008-03-28,-1.467860,-0.150227,-0.054871
2008-04-04,-1.429034,-0.135322,-0.057694
2008-04-11,-1.432483,-0.147391,-0.039420
2008-04-18,-1.393924,-0.211640,0.001157
2008-04-25,-1.265851,-0.220271,0.048055
2008-05-02,-1.219276,-0.188197,0.039077
2008-05-09,-1.198343,-0.148328,-0.005144
2008-05-16,-1.142765,-0.107103,-0.005340
2008-05-23,-1.141288,-0.096289,-0.006660
2008-05-30,-1.038669,-0.135771,0.014718
2008-06-06,-1.092467,-0.134590,-0.011803
2008-06-13,-0.932273,-0.145013,0.057213
2008-06-20,-0.911992,-0.164072,0.063878
2008-06-27,-0.997538,-0.174156,0.065825
2008-07-04,-1.058917,-0.134798,0.014729
2008-07-11,-1.128865,-0.129697,0.008666
2008-07-18,-1.150854,-0.226827,0.057836
2008-07-25,-1.048394,-0.221623,0.066043
2008-08-01,-1.082113,-0.179577,0.027502
2008-08-08,-1.111517,-0.167194,0.015684
2008-08-15,-1.114614,-0.111470,-0.008459
2008-08-22,-1.182810,-0.118593,-0.016423
2008-08-29,-1.194040,-0.116258,-0.004312
2008-09-05,-1.248457,-0.094908,-0.016011
2008-09-12,-1.268912,-0.107069,-0.002068
2008-09-19,-1.537807,-0.312866,0.071451
2008-09-26,-1.364723,-0.336845,0.069686
2008-10-03,-1.490948,-0.321980,0.009422
2008-10-10,-1.572519,-0.361126,-0.010221
2008-10-17,-1.478208,-0.471110,0.000984
2008-10-24,-1.484608,-0.262127,-0.081753
2008-10-31,-1.502868,-0.407835,-0.035670
2008-11-07,-1.620532,-0.432115,-0.050159
2008-11-14,-1.699527,-0.461386,-0.053588
2008-11-21,-1.849074,-0.395734,-0.016244
2008-11-28,-1.899150,-0.334049,0.029670
2008-12-05,-2.080537,-0.230067,0.017342
2008-12-12,-2.088098,-0.237291,0.011851
2008-12-19,-2.214052,-0.138886,0.026569
2008-12-26,-2.179927,-0.128657,0.088474
2009-01-02,-2.166444,-0.133936,0.051983
2009-01-09,-2.112161,-0.182008,0.018368
2009-01-16,-2.179667,-0.129795,0.017542
2009-01-23,-2.109917,-0.195656,-0.003608
2009-01-30,-2.022394,-0.221928,-0.006743
2009-02-06,-1.948535,-0.241539,-0.025537
2009-02-13,-1.962679,-0.227479,-0.026644
2009-02-20,-1.989894,-0.198482,-0.009120
2009-02-27,-1.925729,-0.243962,-0.002609
2009-03-06,-1.967152,-0.250313,-0.023798
2009-03-13,-1.945791,-0.260017,-0.002958
2009-03-20,-2.011647,-0.214361,-0.004341
2009-03-27,-2.019489,-0.223015,0.001994
2009-04-03,-2.025171,-0.220470,-0.020271
2009-04-10,-1.965611,-0.267536,-0.016207
2009-04-17,-2.001525,-0.259061,-0.015893
2009-04-24,-1.964144,-0.286542,-0.005078
2009-05-01,-1.935039,-0.324543,-0.030455
2009-05-08,-1.878577,-0.342857,-0.039249
2009-05-15,-1.920560,-0.325096,-0.048071
2009-05-22,-1.876214,-0.364610,-0.060451
2009-05-29,-1.784623,-0.447574,-0.075313
2009-06-05,-1.726936,-0.485571,-0.061321
2009-06-12,-1.592578,-0.522610,-0.004655
2009-06-19,-1.653332,-0.493062,-0.014785
2009-06-26,-1.701620,-0.463568,-0.025447
2009-07-03,-1.756126,-0.436209,-0.036926
2009-07-10,-1.819741,-0.401697,-0.060324
2009-07-17,-1.774215,-0.437522,-0.059872
2009-07-24,-1.750587,-0.452332,-0.064496
2009-07-31,-1.699805,-0.468724,-0.034163
2009-08-07,-1.656245,-0.494823,-0.022360
2009-08-14,-1.695283,-0.471767,-0.027015
2009-08-21,-1.771925,-0.426574,-0.031872
2009-08-28,-1.776673,-0.426370,-0.028446
2009-09-04,-1.834069,-0.405715,-0.045344
2009-09-11,-1.827549,-0.414951,-0.052955
2009-09-18,-1.801249,-0.436534,-0.037105
2009-09-25,-1.809199,-0.428884,-0.033907
2009-10-02,-1.858013,-0.387735,-0.029926
2009-10-09,-1.874982,-0.394932,-0.033185
2009-10-16,-1.827718,-0.435190,-0.037951
2009-10-23,-1.818634,-0.434895,-0.028227
2009-10-30,-1.805780,-0.449825,-0.037447
2009-11-06,-1.823722,-0.461061,-0.061827
2009-11-13,-1.845391,-0.445340,-0.073035
2009-11-20,-1.900134,-0.421163,-0.072817
2009-11-27,-1.921986,-0.404404,-0.077982
2009-12-04,-1.917050,-0.408149,-0.087412
2009-12-11,-1.880865,-0.445014,-0.087103
2009-12-18,-1.835618,-0.468784,-0.080468
2009-12-25,-1.752670,-0.512223,-0.079415
2010-01-01,-1.695644,-0.528299,-0.050470
2010-01-08,-1.716951,-0.533491,-0.066919
2010-01-15,-1.755635,-0.520709,-0.081296
2010-01-22,-1.791782,-0.490949,-0.080532
2010-01-29,-1.799350,-0.487534,-0.090503
2010-02-05,-1.808429,-0.476848,-0.105831
2010-02-12,-1.795972,-0.479751,-0.105199
2010-02-19,-1.772570,-0.497400,-0.099249
2010-02-26,-1.789751,-0.480122,-0.104342
2010-03-05,-1.811703,-0.457697,-0.108164
2010-03-12,-1.765050,-0.474938,-0.099271
2010-03-19,-1.760882,-0.467707,-0.082402
2010-03-26,-1.714121,-0.501253,-0.070371
2010-04-02,-1.685569,-0.520151,-0.083301
2010-04-09,-1.657586,-0.531271,-0.077059
2010-04-16,-1.698182,-0.510173,-0.081337
2010-04-23,-1.706198,-0.501456,-0.075764
2010-04-30,-1.726574,-0.487368,-0.076605
2010-05-07,-1.817036,-0.441924,-0.088883
2010-05-14,-1.827817,-0.431406,-0.097960
2010-05-21,-1.893918,-0.378294,-0.092127
2010-05-28,-1.905463,-0.359303,-0.074865
2010-06-04,-1.898795,-0.378463,-0.083910
2010-06-11,-1.941129,-0.366417,-0.077327
2010-06-18,-1.928482,-0.380996,-0.078259
2010-06-25,-1.961228,-0.348396,-0.090035
2010-07-02,-2.019319,-0.293362,-0.094256
2010-07-09,-2.014544,-0.301013,-0.095487
2010-07-16,-2.009714,-0.310074,-0.097971
2010-07-23,-2.041066,-0.284774,-0.100724
2010-07-30,-2.031453,-0.298638,-0.105602
2010-08-06,-2.075043,-0.270443,-0.118397
2010-08-13,-2.121213,-0.228621,-0.096138
2010-08-20,-2.156075,-0.195486,-0.085087
2010-08-27,-2.165816,-0.181994,-0.075418
2010-09-03,-2.167098,-0.193502,-0.081265
2010-09-10,-2.126215,-0.223809,-0.084333
2010-09-17,-2.131979,-0.225893,-0.101897
2010-09-24,-2.175956,-0.190958,-0.101563
2010-10-01,-2.208944,-0.166892,-0.100441
2010-10-08,-2.246455,-0.153269,-0.100823
2010-10-15,-2.239848,-0.160381,-0.113095
2010-10-22,-2.237979,-0.166945,-0.123063
2010-10-29,-2.200040,-0.202547,-0.130298
2010-11-05,-2.234380,-0.180790,-0.137087
2010-11-12,-2.184907,-0.201242,-0.114796
2010-11-19,-2.100109,-0.260066,-0.117025
2010-11-26,-2.112694,-0.244050,-0.118509
2010-12-03,-2.079597,-0.270934,-0.122137
2010-12-10,-2.000795,-0.340034,-0.130154
2010-12-17,-1.915872,-0.403838,-0.135971
2010-12-24,-1.925505,-0.393165,-0.128808
2010-12-31,-1.911650,-0.398016,-0.120355
2011-01-07,-1.916059,-0.400296,-0.129967
2011-01-14,-1.940836,-0.385642,-0.141584
2011-01-21,-1.918824,-0.398495,-0.144618
2011-01-28,-1.929700,-0.392949,-0.147872
2011-02-04,-1.879565,-0.429693,-0.144933
2011-02-11,-1.794265,-0.474231,-0.112652
2011-02-18,-1.815007,-0.463699,-0.097006
2011-02-25,-1.874260,-0.422649,-0.110702
2011-03-04,-1.878681,-0.425273,-0.119192
2011-03-11,-1.892650,-0.428584,-0.119536
2011-03-18,-1.961626,-0.384338,-0.120205
2011-03-25,-1.908866,-0.410113,-0.102346
2011-04-01,-1.860702,-0.434626,-0.088097
2011-04-08,-1.844924,-0.460938,-0.085222
2011-04-15,-1.864984,-0.450020,-0.096857
2011-04-22,-1.908618,-0.425703,-0.105122
2011-04-29,-1.936581,-0.411392,-0.113649
2011-05-06,-1.986771,-0.386724,-0.109692
2011-05-13,-2.003980,-0.375483,-0.111338
2011-05-20,-2.018115,-0.358576,-0.113607
2011-05-27,-2.038416,-0.342708,-0.117987
2011-06-03,-2.088205,-0.319085,-0.129484
2011-06-10,-2.102060,-0.314234,-0.137937
2011-06-17,-2.105172,-0.312796,-0.138386
2011-06-24,-2.128520,-0.310042,-0.139946
2011-07-01,-2.067557,-0.348076,-0.133663
2011-07-08,-2.068932,-0.351070,-0.139330
2011-07-15,-2.137954,-0.302567,-0.139909
2011-07-22,-2.125443,-0.306880,-0.140530
2011-07-29,-2.116171,-0.296640,-0.142452
2011-08-05,-2.232778,-0.215691,-0.121867
2011-08-12,-2.344585,-0.133850,-0.106002
2011-08-19,-2.373117,-0.111761,-0.095357
2011-08-26,-2.362262,-0.120498,-0.089818
2011-09-02,-2.373117,-0.111761,-0.095357
2011-09-09,-2.411516,-0.071200,-0.071455
2011-09-16,-2.400419,-0.084888,-0.073172
2011-09-23,-2.435584,-0.048240,-0.052449
2011-09-30,-2.391822,-0.072186,-0.048975
2011-10-07,-2.398362,-0.066141,-0.039078
2011-10-14,-2.317521,-0.135052,-0.066425
2011-10-21,-2.333028,-0.123644,-0.074321
2011-10-28,-2.313969,-0.144639,-0.080359
2011-11-04,-2.389465,-0.091157,-0.073416
2011-11-11,-2.391257,-0.085316,-0.066946
2011-11-18,-2.393060,-0.079817,-0.059352
2011-11-25,-2.402927,-0.061345,-0.046096
2011-12-02,-2.383607,-0.084101,-0.061675
2011-12-09,-2.394369,-0.083878,-0.067394
2011-12-16,-2.416790,-0.059341,-0.053386
2011-12-23,-2.404430,-0.064712,-0.046971
2011-12-30,-2.402981,-0.059936,-0.044843
2012-01-06,-2.400991,-0.068976,-0.058440
2012-01-13,-2.418199,-0.057736,-0.060085
2012-01-20,-2.410342,-0.056872,-0.063103
2012-01-27,-2.403736,-0.063984,-0.075375
2012-02-03,-2.438663,-0.024153,-0.066350
2012-02-10,-2.400852,-0.046641,-0.074436
2012-02-17,-2.391807,-0.039241,-0.065785
2012-02-24,-2.377738,-0.055082,-0.061140
2012-03-02,-2.390351,-0.045104,-0.059176
2012-03-09,-2.384025,-0.053645,-0.059622
2012-03-16,-2.311575,-0.106756,-0.069388
2012-03-23,-2.273804,-0.135625,-0.072904
2012-03-30,-2.316071,-0.111160,-0.074340
2012-04-06,-2.322338,-0.106533,-0.075107
2012-04-13,-2.377431,-0.061100,-0.070771
2012-04-20,-2.391559,-0.054831,-0.068560
2012-04-27,-2.397818,-0.047356,-0.070490
2012-05-04,-2.404272,-0.039186,-0.065254
2012-05-11,-2.421769,-0.018737,-0.059553
2012-05-18,-2.446133,0.010583,-0.032039
2012-05-25,-2.441296,0.004370,-0.035685
2012-06-01,-2.480956,0.036613,-0.019915
2012-06-08,-2.479332,0.037504,-0.022668
2012-06-15,-2.470108,0.038515,-0.018856
2012-06-22,-2.462353,0.031558,-0.014889
2012-06-29,-2.463903,0.032449,-0.015674
2012-07-06,-2.479495,0.041733,-0.018909
2012-07-13,-2.503162,0.063647,-0.015359
2012-07-20,-2.512320,0.061570,-0.021545
2012-07-27,-2.521933,0.075434,-0.016667
2012-08-03,-2.504471,0.059586,-0.023400
2012-08-10,-2.466680,0.033907,-0.029202
2012-08-17,-2.438121,0.004371,-0.037652
2012-08-24,-2.444435,0.013255,-0.038329
2012-08-31,-2.479180,0.038563,-0.029703
2012-09-07,-2.482140,0.041058,-0.037188
2012-09-14,-2.458111,0.011717,-0.051623
2012-09-21,-2.443862,0.002973,-0.057462
2012-09-28,-2.474198,0.030560,-0.039223
2012-10-05,-2.481906,0.033260,-0.043281
2012-10-12,-2.464752,0.023429,-0.040383
2012-10-19,-2.437977,0.002581,-0.043525
2012-10-26,-2.425477,-0.002074,-0.043024
2012-11-02,-2.444544,0.016074,-0.035824
2012-11-09,-2.466555,0.028927,-0.032790
2012-11-16,-2.494913,0.047131,-0.027026
2012-11-23,-2.471238,0.028064,-0.031739
2012-11-30,-2.485401,0.038933,-0.030561
2012-12-07,-2.490043,0.044452,-0.034080
2012-12-14,-2.477237,0.020293,-0.037567
2012-12-21,-2.442531,-0.011395,-0.041622
2012-12-28,-2.453594,-0.002307,-0.038872
2013-01-04,-2.426545,-0.024572,-0.052679
2013-01-11,-2.421641,-0.031851,-0.058701
2013-01-18,-2.428021,-0.021900,-0.057002
2013-01-25,-2.420071,-0.029551,-0.060200
2013-02-01,-2.383749,-0.063196,-0.065845
2013-02-08,-2.396175,-0.056760,-0.069884
2013-02-15,-2.382206,-0.053449,-0.069540
2013-02-22,-2.382159,-0.044220,-0.075273
2013-03-01,-2.421621,-0.015175,-0.066629
2013-03-08,-2.404077,-0.039880,-0.072420
2013-03-15,-2.378852,-0.059837,-0.076347
2013-03-22,-2.413625,-0.040568,-0.064274
2013-03-29,-2.423117,-0.029180,-0.063024
2013-04-05,-2.448483,-0.009938,-0.053183
2013-04-12,-2.453266,-0.005134,-0.050789
2013-04-19,-2.466085,0.005196,-0.040537
2013-04-26,-2.470701,0.003267,-0.041861
2013-05-03,-2.481643,0.009879,-0.042739
2013-05-10,-2.446805,-0.023942,-0.051545
2013-05-17,-2.416797,-0.048703,-0.057867
2013-05-24,-2.397851,-0.064375,-0.061439
2013-05-31,-2.342796,-0.102704,-0.066848
2013-06-07,-2.342983,-0.099162,-0.060844
2013-06-14,-2.317704,-0.120528,-0.066025
2013-06-21,-2.281132,-0.156277,-0.080088
2013-06-28,-2.197927,-0.212459,-0.082973
2013-07-05,-2.202388,-0.221463,-0.086893
2013-07-12,-2.183309,-0.239268,-0.095216
2013-07-19,-2.227181,-0.212504,-0.096184
2013-07-26,-2.222277,-0.219783,-0.102206
2013-08-02,-2.203190,-0.234741,-0.111692
2013-08-09,-2.207954,-0.226746,-0.111583
2013-08-16,-2.168578,-0.257915,-0.115567
2013-08-23,-2.121447,-0.296041,-0.115582
2013-08-30,-2.143887,-0.274695,-0.099289
2013-09-06,-2.082822,-0.318395,-0.094350
2013-09-13,-2.088969,-0.316243,-0.098745
2013-09-20,-2.155966,-0.281380,-0.111887
2013-09-27,-2.193959,-0.244368,-0.103400
2013-10-04,-2.206385,-0.237932,-0.107440
2013-10-11,-2.183025,-0.240343,-0.107002
2013-10-18,-2.192236,-0.227524,-0.117579
2013-10-25,-2.230141,-0.210008,-0.103669
2013-11-01,-2.226908,-0.213921,-0.106848
2013-11-08,-2.202851,-0.237224,-0.124731
2013-11-15,-2.180745,-0.245105,-0.133588
2013-11-22,-2.188388,-0.243472,-0.140021
2013-11-29,-2.193004,-0.245401,-0.141345
2013-12-06,-2.161410,-0.275652,-0.145849
2013-12-13,-2.145865,-0.280679,-0.142524
2013-12-20,-2.127172,-0.291744,-0.137717
2013-12-27,-2.080329,-0.320661,-0.130386
2014-01-03,-2.077041,-0.325984,-0.134819
2014-01-10,-2.088372,-0.317982,-0.121365
2014-01-17,-2.116905,-0.295893,-0.110720
2014-01-24,-2.123371,-0.288067,-0.104361
2014-01-31,-2.159405,-0.263630,-0.106062
2014-02-07,-2.181108,-0.243308,-0.118303
2014-02-14,-2.163760,-0.267319,-0.116928
2014-02-21,-2.163873,-0.261996,-0.114462
2014-02-28,-2.171943,-0.251870,-0.107636
2014-03-07,-2.162564,-0.257935,-0.106421
2014-03-14,-2.153250,-0.262934,-0.102830
2014-03-21,-2.127071,-0.268556,-0.088994
2014-03-28,-2.116589,-0.270209,-0.071449
2014-04-04,-2.110042,-0.286893,-0.076865
2014-04-11,-2.152094,-0.259932,-0.087752
2014-04-18,-2.144518,-0.260498,-0.078943
2014-04-25,-2.124283,-0.275301,-0.072189
2014-05-02,-2.138566,-0.261956,-0.067382
2014-05-09,-2.155775,-0.250716,-0.069028
2014-05-16,-2.176150,-0.236629,-0.069869
2014-05-23,-2.191688,-0.228754,-0.074357
2014-05-30,-2.201543,-0.209939,-0.062223
2014-06-06,-2.162100,-0.242174,-0.068582
2014-06-13,-2.143516,-0.250420,-0.061270
2014-06-20,-2.131340,-0.254753,-0.048812
2014-06-27,-2.150232,-0.240490,-0.046493
2014-07-04,-2.143961,-0.247622,-0.045686
2014-07-11,-2.144194,-0.239823,-0.039592
2014-07-18,-2.153726,-0.234816,-0.033772
2014-07-25,-2.155630,-0.223651,-0.024836
2014-08-01,-2.139972,-0.234001,-0.023976
2014-08-08,-2.174094,-0.217881,-0.035776
2014-08-15,-2.192965,-0.200427,-0.035742
2014-08-22,-2.182351,-0.204213,-0.022946
2014-08-29,-2.179679,-0.197501,-0.008116
2014-09-05,-2.159171,-0.213721,-0.012025
2014-09-12,-2.126191,-0.240634,-0.011985
2014-09-19,-2.107179,-0.257373,-0.017932
2014-09-26,-2.123098,-0.245262,-0.009251
2014-10-03,-2.146753,-0.223005,-0.006823
2014-10-10,-2.195178,-0.196731,-0.011531
2014-10-17,-2.270044,-0.149589,-0.026177
2014-10-24,-2.246556,-0.165114,-0.024887
2014-10-31,-2.210763,-0.184600,-0.015929
2014-11-07,-2.184451,-0.192354,-0.006845
2014-11-14,-2.181479,-0.194507,-0.000483
2014-11-21,-2.187824,-0.189156,0.002248
2014-11-28,-2.216150,-0.167418,0.004605
2014-12-05,-2.199237,-0.172298,0.014759
2014-12-12,-2.201569,-0.152640,0.036955
2014-12-19,-2.205090,-0.139518,0.047480
2014-12-26,-2.155384,-0.167770,0.063678
2015-01-02,-2.181918,-0.151873,0.059564
2015-01-09,-2.246344,-0.104632,0.062595
2015-01-16,-2.314829,-0.067441,0.046251
2015-01-23,-2.308803,-0.067117,0.054274
2015-01-30,-2.337149,-0.048570,0.058916
2015-02-06,-2.321544,-0.057511,0.061029
2015-02-13,-2.244942,-0.109085,0.070456
2015-02-20,-2.211747,-0.133502,0.061045
2015-02-27,-2.244747,-0.109779,0.063290
2015-03-06,-2.202368,-0.139567,0.062261
2015-03-13,-2.197686,-0.138705,0.061210
2015-03-20,-2.247894,-0.103742,0.061809
2015-03-27,-2.274428,-0.087845,0.057695
2015-04-03,-2.297663,-0.076929,0.048027
2015-04-10,-2.292825,-0.083142,0.044380
2015-04-17,-2.306887,-0.077939,0.044216
2015-04-24,-2.289713,-0.084579,0.044829
2015-05-01,-2.266011,-0.111094,0.042310
2015-05-08,-2.214065,-0.150489,0.036493
2015-05-15,-2.208900,-0.159529,0.020930
2015-05-22,-2.204425,-0.158315,0.028167
2015-05-29,-2.225369,-0.136449,0.046499
2015-06-05,-2.168566,-0.178867,0.034749
2015-06-12,-2.126307,-0.206179,0.037348
2015-06-19,-2.167023,-0.182605,0.036698
2015-06-26,-2.141678,-0.205038,0.029142
2015-07-03,-2.161812,-0.195902,0.021044
2015-07-10,-2.191438,-0.175377,0.014197
2015-07-17,-2.154150,-0.194344,0.025192
2015-07-24,-2.151679,-0.176299,0.042709
2015-07-31,-2.178295,-0.151546,0.037652
2015-08-07,-2.175536,-0.142709,0.047822
2015-08-14,-2.183439,-0.125829,0.045287
2015-08-21,-2.211731,-0.122177,0.054319
2015-08-28,-2.217671,-0.120376,0.041636
2015-09-04,-2.202215,-0.132880,0.050824
2015-09-11,-2.189723,-0.140382,0.052488
2015-09-18,-2.185061,-0.142710,0.053722
2015-09-25,-2.217800,-0.134234,0.052069
2015-10-02,-2.264675,-0.108851,0.048147
2015-10-09,-2.256659,-0.117568,0.042573
2015-10-16,-2.272430,-0.101894,0.044179
2015-10-23,-2.256892,-0.109769,0.048667
2015-10-30,-2.219657,-0.113840,0.055272
2015-11-06,-2.147986,-0.150688,0.068526
2015-11-13,-2.105846,-0.148553,0.063467
2015-11-20,-2.120324,-0.134514,0.075439
2015-11-27,-2.114340,-0.118952,0.077949
2015-12-04,-2.108161,-0.104084,0.073293
2015-12-11,-2.108160,-0.090599,0.067650
2015-12-18,-2.088108,-0.104363,0.080449
2015-12-25,-2.091388,-0.109679,0.089361
2016-01-01,-2.061984,-0.122062,0.101180
2016-01-08,-2.108718,-0.095963,0.091344
2016-01-15,-2.153796,-0.065440,0.075347
2016-01-22,-2.170876,-0.040342,0.063268
2016-01-29,-2.183300,-0.020419,0.053586
2016-02-05,-2.234697,0.008007,0.042515
2016-02-12,-2.297612,0.047977,0.050902
2016-02-19,-2.263370,0.029381,0.059074
2016-02-26,-2.263618,0.044971,0.061850
2016-03-04,-2.226404,0.024222,0.076383
2016-03-11,-2.185956,-0.000439,0.087738
2016-03-18,-2.181099,-0.003461,0.081806
2016-03-25,-2.196665,-0.001625,0.080766
2016-04-01,-2.257260,0.004857,0.073723
2016-04-08,-2.293119,0.025410,0.067140
2016-04-15,-2.280647,0.014716,0.071090
2016-04-22,-2.246404,-0.003880,0.079262
2016-04-29,-2.232276,-0.010148,0.077051
2016-05-06,-2.271174,0.000137,0.072125
2016-05-13,-2.279150,0.028721,0.067485
2016-05-20,-2.223452,0.018879,0.085030
2016-05-27,-2.200158,0.017534,0.087843
2016-06-03,-2.225115,0.025093,0.086710
2016-06-10,-2.281195,0.039171,0.082334
2016-06-17,-2.318651,0.064870,0.075057
2016-06-24,-2.293472,0.049170,0.071219
2016-07-01,-2.374788,0.096348,0.066250
2016-07-08,-2.400060,0.120562,0.070268
2016-07-15,-2.337674,0.094752,0.076484
2016-07-22,-2.315596,0.080832,0.071075
2016-07-29,-2.330047,0.087423,0.085242
2016-08-05,-2.342131,0.083242,0.072604
2016-08-12,-2.325330,0.083686,0.085224
2016-08-19,-2.312885,0.080440,0.086978
2016-08-26,-2.302165,0.081969,0.092827
2016-09-02,-2.289766,0.082980,0.094672
2016-09-09,-2.295663,0.083029,0.081858
2016-09-16,-2.270205,0.055273,0.071837
2016-09-23,-2.292460,0.046106,0.093412
2016-09-30,-2.315967,0.071926,0.088765
2016-10-07,-2.258130,0.056606,0.085638
2016-10-14,-2.231389,0.040359,0.081463
2016-10-21,-2.246806,0.045757,0.073347
2016-10-28,-2.228129,0.028998,0.080479
2016-11-04,-2.230867,0.036838,0.062380
2016-11-11,-2.160214,0.013693,0.048961
2016-11-18,-2.041278,-0.049927,0.051806
2016-11-25,-2.000803,-0.068550,0.059712
2016-12-02,-1.992927,-0.077982,0.060052
2016-12-09,-1.980322,-0.077322,0.053608
2016-12-16,-1.914863,-0.110951,0.064842
2016-12-23,-1.907045,-0.116469,0.066395
2016-12-30,-1.919787,-0.106863,0.073149
2017-01-06,-1.946468,-0.081043,0.070468
2017-01-13,-1.962267,-0.071408,0.075522
2017-01-20,-1.946468,-0.081043,0.070468
2017-01-27,-1.938425,-0.097207,0.067090
2017-02-03,-1.941525,-0.095427,0.065519
2017-02-10,-1.966649,-0.067650,0.062461
2017-02-17,-1.932426,-0.089436,0.072918
2017-02-24,-1.963696,-0.072993,0.071108
2017-03-03,-1.918732,-0.063088,0.073843
2017-03-10,-1.849850,-0.063714,0.058966
2017-03-17,-1.846839,-0.059486,0.060757
2017-03-24,-1.895229,-0.024326,0.051439
2017-03-31,-1.898496,-0.015813,0.053585
2017-04-07,-1.917228,0.002356,0.047706
2017-04-14,-1.929921,0.021192,0.048728
2017-04-21,-1.961138,0.036225,0.045665
2017-04-28,-1.926883,0.017973,0.052714
2017-05-05,-1.908232,0.022147,0.052008
2017-05-12,-1.876949,0.019533,0.047052
2017-05-19,-1.919254,0.051102,0.044544
2017-05-26,-1.916289,0.059588,0.046425
2017-06-02,-1.930451,0.083943,0.041961
2017-06-09,-1.926111,0.095423,0.049508
2017-06-16,-1.915383,0.099800,0.054195
2017-06-23,-1.918656,0.097332,0.061945
2017-06-30,-1.891887,0.087123,0.054322
2017-07-07,-1.843127,0.060870,0.045951
2017-07-14,-1.856927,0.064312,0.036246
2017-07-21,-1.872787,0.099480,0.032428
2017-07-28,-1.860201,0.096949,0.028269
2017-08-04,-1.882093,0.093841,0.033318
2017-08-11,-1.896269,0.090881,0.041262
2017-08-18,-1.907238,0.091455,0.043831
2017-08-25,-1.915208,0.095915,0.049314
2017-09-01,-1.931042,0.110150,0.053335
2017-09-08,-1.952912,0.137204,0.044812
2017-09-15,-1.909123,0.105811,0.050482
2017-09-22,-1.868722,0.085406,0.061926
2017-09-29,-1.854761,0.085870,0.063433
2017-10-06,-1.832823,0.071235,0.063938
2017-10-13,-1.826738,0.081131,0.065105
2017-10-20,-1.809993,0.082984,0.078977
2017-10-27,-1.780085,0.063889,0.073998
2017-11-03,-1.786639,0.091211,0.074935
2017-11-10,-1.774415,0.109593,0.076017
2017-11-17,-1.746559,0.111587,0.081406
2017-11-24,-1.731437,0.126035,0.092388
2017-12-01,-1.728364,0.118216,0.097407
2017-12-08,-1.716106,0.118511,0.105165
2017-12-15,-1.705237,0.123603,0.103938
2017-12-22,-1.663032,0.111186,0.102146
2017-12-29,-1.655470,0.131896,0.101994
2018-01-05,-1.638510,0.122760,0.112059
2018-01-12,-1.610200,0.108812,0.106384
2018-01-19,-1.574555,0.099250,0.116774
2018-01-26,-1.557362,0.082314,0.120745
2018-02-02,-1.515055,0.064231,0.117610
2018-02-09,-1.495613,0.065971,0.087117
2018-02-16,-1.459780,0.066352,0.085861
2018-02-23,-1.424324,0.068465,0.097815
2018-03-02,-1.436983,0.082701,0.099869
2018-03-09,-1.424444,0.084427,0.095800
2018-03-16,-1.418533,0.111693,0.096205
2018-03-23,-1.406142,0.109857,0.099212
2018-03-30,-1.429751,0.127857,0.101550
2018-04-06,-1.434453,0.123804,0.104886
2018-04-13,-1.415970,0.121224,0.113541
2018-04-20,-1.366204,0.116031,0.117240
2018-04-27,-1.317719,0.099330,0.115092
2018-05-04,-1.325724,0.108390,0.119543
2018-05-11,-1.310185,0.114001,0.118388
2018-05-18,-1.267879,0.095918,0.115253
2018-05-25,-1.292917,0.112333,0.113178
2018-06-01,-1.367739,0.157722,0.098402
2018-06-08,-1.314881,0.134415,0.110478
2018-06-15,-1.299585,0.131492,0.122222
2018-06-22,-1.312252,0.142880,0.125439
2018-06-29,-1.335759,0.155214,0.126434
2018-07-06,-1.328104,0.167410,0.126102
2018-07-13,-1.315834,0.168049,0.132737
2018-07-20,-1.308031,0.170322,0.130972
2018-07-27,-1.270490,0.146747,0.133589
2018-08-03,-1.262613,0.150801,0.128286
2018-08-10,-1.271999,0.167504,0.122590
2018-08-17,-1.293984,0.186396,0.122175
2018-08-24,-1.306576,0.199565,0.121854
2018-08-31,-1.280096,0.198564,0.121577
2018-09-07,-1.264398,0.194596,0.117867
2018-09-14,-1.227210,0.181295,0.130205
2018-09-21,-1.192808,0.166605,0.130179
2018-09-28,-1.177277,0.169369,0.130186
2018-10-05,-1.150508,0.159160,0.122564
2018-10-12,-1.131670,0.159792,0.115854
2018-10-19,-1.123894,0.169513,0.111894
2018-10-26,-1.136393,0.187654,0.105749
2018-11-02,-1.141009,0.185725,0.104425
2018-11-09,-1.097569,0.175587,0.114212
2018-11-16,-1.141183,0.203096,0.103662
2018-11-23,-1.164382,0.222898,0.089383
2018-11-30,-1.166128,0.224483,0.095764
2018-12-07,-1.210291,0.262960,0.102101
2018-12-14,-1.217905,0.270632,0.092220
2018-12-21,-1.262962,0.282726,0.084022
2018-12-28,-1.287473,0.300972,0.061661
2019-01-04,-1.338870,0.329398,0.050591
2019-01-11,-1.300121,0.315550,0.062593
2019-01-18,-1.296907,0.308446,0.061698
2019-01-25,-1.293909,0.298846,0.070255
2019-02-01,-1.318752,0.314567,0.061014
2019-02-08,-1.328003,0.321004,0.055008
2019-02-15,-1.324984,0.328081,0.055636
2019-02-22,-1.328076,0.332709,0.052902
2019-03-01,-1.317014,0.323621,0.050153
2019-03-08,-1.321777,0.331615,0.050262
2019-03-15,-1.351323,0.343283,0.044356
2019-03-22,-1.376333,0.365736,0.038833
2019-03-29,-1.452356,0.390760,0.019154
2019-04-05,-1.408863,0.365727,0.033332
2019-04-12,-1.401088,0.361962,0.035014
2019-04-19,-1.373058,0.346584,0.041167
2019-04-26,-1.394560,0.355573,0.026240
2019-05-03,-1.403885,0.360229,0.023772
2019-05-10,-1.427392,0.372563,0.024767
2019-05-17,-1.469262,0.385001,0.013480
2019-05-24,-1.478876,0.385380,0.024001
2019-05-31,-1.548889,0.418518,0.009027
2019-06-07,-1.630782,0.436143,-0.021271
2019-06-14,-1.634091,0.411303,-0.003268
2019-06-21,-1.680691,0.413649,-0.007771
2019-06-28,-1.707071,0.408984,-0.008837
2019-07-05,-1.685668,0.432633,-0.003854
2019-07-12,-1.649743,0.411014,0.000353
2019-07-19,-1.679310,0.392519,0.008019
2019-07-26,-1.679458,0.388957,0.015095
2019-08-02,-1.709366,0.408051,0.020073
2019-08-09,-1.823200,0.455563,0.008481
2019-08-16,-1.873555,0.465344,0.026240
2019-08-23,-1.882860,0.473190,0.021486
2019-08-30,-1.901825,0.499158,0.021701
2019-09-06,-1.907824,0.491387,0.015873
2019-09-13,-1.806522,0.431511,0.036015
2019-09-20,-1.787892,0.419008,0.043237
2019-09-27,-1.840966,0.426333,0.046255
2019-10-04,-1.918467,0.427057,0.033538
2019-10-11,-1.924748,0.404370,0.045180
2019-10-18,-1.874781,0.360872,0.057479
2019-10-25,-1.865402,0.354807,0.058695
2019-11-01,-1.877888,0.338186,0.067154
2019-11-08,-1.852905,0.309694,0.076125
2019-11-15,-1.848020,0.312710,0.066746
2019-11-22,-1.879544,0.333761,0.073314
2019-11-29,-1.873439,0.346847,0.072197
2019-12-06,-1.879376,0.327028,0.069596
2019-12-13,-1.854514,0.314498,0.076553
2019-12-20,-1.833877,0.298650,0.067853
2019-12-27,-1.836969,0.303278,0.065119
2020-01-03,-1.861693,0.303038,0.057892
2020-01-10,-1.874325,0.309826,0.062142
2020-01-17,-1.872977,0.320268,0.065613
2020-01-24,-1.907239,0.335673,0.059726
2020-01-31,-1.969690,0.376035,0.050243
2020-02-07,-1.963337,0.373532,0.046349
2020-02-14,-1.963504,0.380264,0.050067
2020-02-21,-1.987058,0.396856,0.051153
2020-02-28,-2.125321,0.424280,0.029468
2020-03-06,-2.413162,0.339196,0.062578
2020-03-13,-2.550485,0.278077,0.103720
2020-03-20,-2.561893,0.179880,0.103302
2020-03-27,-2.647838,0.197814,0.109418
2020-04-03,-2.687041,0.254574,0.097195
2020-04-10,-2.644640,0.254949,0.082594
2020-04-17,-2.672697,0.264288,0.079890
2020-04-24,-2.696459,0.267744,0.094907
2020-05-01,-2.691629,0.258684,0.092423
2020-05-08,-2.695844,0.255709,0.075644
2020-05-15,-2.698890,0.256081,0.072820
2020-05-22,-2.691061,0.250906,0.073250
2020-05-29,-2.689572,0.262063,0.070808
2020-06-05,-2.667272,0.240002,0.060428
2020-06-12,-2.664187,0.246012,0.058681
2020-06-19,-2.676920,0.258466,0.064273
2020-06-26,-2.689506,0.260997,0.068432
2020-07-03,-2.700381,0.266543,0.065179
2020-07-10,-2.702017,0.265309,0.069054
2020-07-17,-2.711483,0.269250,0.072499
2020-07-24,-2.721003,0.274600,0.077196
2020-07-31,-2.733468,0.274655,0.077727
2020-08-07,-2.747510,0.283049,0.075278
2020-08-14,-2.709707,0.257713,0.068353
2020-08-21,-2.712773,0.254894,0.067815
2020-08-28,-2.703307,0.250953,0.064370
2020-09-04,-2.711137,0.256128,0.063940
2020-09-11,-2.707950,0.256472,0.060850
2020-09-18,-2.707970,0.253281,0.063136
2020-09-25,-2.715819,0.255265,0.064991
2020-10-02,-2.714202,0.253308,0.063401
2020-10-09,-2.685744,0.229438,0.056294
2020-10-16,-2.693741,0.241346,0.059582
2020-10-23,-2.671515,0.217503,0.052740
2020-10-30,-2.673132,0.219460,0.054330
2020-11-06,-2.673011,0.216984,0.050702
2020-11-13,-2.641507,0.192742,0.046418
2020-11-20,-2.662043,0.202924,0.053775
2020-11-27,-2.661969,0.204705,0.050238
2020-12-04,-2.652336,0.194032,0.043074
2020-12-11,-2.656831,0.189627,0.038122
2020-12-18,-2.659877,0.189998,0.035298
2020-12-25,-2.655074,0.188386,0.030619
2021-01-01,-2.656671,0.193533,0.029924
2021-01-08,-2.635941,0.169171,0.021043
2021-01-15,-2.607429,0.143891,0.012683
2021-01-22,-2.618358,0.150847,0.010682
2021-01-29,-2.635728,0.158182,0.017235
2021-02-05,-2.622781,0.134738,0.007835
2021-02-12,-2.611664,0.124240,0.003833
2021-02-19,-2.576771,0.089010,-0.006226
2021-02-26,-2.540441,0.058212,-0.013033
2021-03-05,-2.519879,0.040583,-0.018195
2021-03-12,-2.490003,0.017954,-0.019766
2021-03-19,-2.475439,-0.007446,-0.030756
2021-03-26,-2.480102,-0.005118,-0.031990
2021-04-02,-2.453393,-0.024899,-0.032757
2021-04-09,-2.466060,-0.013511,-0.029540
2021-04-16,-2.480410,0.000900,-0.022358
2021-04-23,-2.489956,0.013698,-0.019856
2021-04-30,-2.477317,-0.003729,-0.019625
2021-05-07,-2.489844,0.008374,-0.022321
2021-05-14,-2.478661,-0.003189,-0.028699
2021-05-21,-2.480297,-0.004424,-0.024824
2021-05-28,-2.496002,0.010183,-0.025594
2021-06-04,-2.491339,0.007855,-0.024360
2021-06-11,-2.513686,0.034174,-0.013890
2021-06-18,-2.489068,0.029099,0.000283
2021-06-25,-2.472388,0.032018,0.016530
2021-07-02,-2.481834,0.039150,0.017690
2021-07-09,-2.521269,0.074233,0.022886
2021-07-16,-2.511963,0.066386,0.027640
2021-07-23,-2.548118,0.093299,0.029567
2021-07-30,-2.548064,0.091890,0.028314
2021-08-06,-2.560676,0.101868,0.030278
2021-08-13,-2.515122,0.072081,0.027281
2021-08-20,-2.534201,0.089886,0.035604
2021-08-27,-2.521541,0.075650,0.033550
2021-09-03,-2.532296,0.078721,0.026668
2021-09-10,-2.515076,0.067824,0.027191
2021-09-17,-2.518274,0.067137,0.031403
2021-09-24,-2.499589,0.053225,0.037373
2021-10-01,-2.455453,0.022195,0.028840
2021-10-08,-2.444390,0.013107,0.026090
2021-10-15,-2.415164,0.007114,0.042750
2021-10-22,-2.374689,-0.011509,0.050656
2021-10-29,-2.379955,0.003197,0.067562
2021-11-05,-2.400296,0.012684,0.067753
2021-11-12,-2.392775,0.013527,0.077815
2021-11-19,-2.363128,-0.003807,0.082377
2021-11-26,-2.343216,-0.004801,0.095445
2021-12-03,-2.396954,0.040435,0.107733
2021-12-10,-2.356969,0.028867,0.131314
2021-12-17,-2.374198,0.036917,0.131954
2021-12-24,-2.360171,0.036314,0.131086
2021-12-31,-2.340045,0.024331,0.140346
2022-01-07,-2.266355,-0.015519,0.136556
2022-01-14,-2.226202,-0.020334,0.150776
2022-01-21,-2.173585,-0.025204,0.164465
2022-01-28,-2.170861,-0.011767,0.173602
2022-02-04,-2.135500,-0.014626,0.191379
2022-02-11,-2.039590,-0.019710,0.216288
2022-02-18,-1.999479,-0.009287,0.224995
2022-02-25,-2.007606,-0.011237,0.238717
2022-03-04,-2.076379,0.035162,0.229719
2022-03-11,-1.996121,0.016303,0.263892
2022-03-18,-1.865507,-0.033956,0.290390
2022-03-25,-1.738233,-0.063997,0.316929
2022-04-01,-1.690909,-0.060200,0.350972
2022-04-08,-1.589343,-0.081379,0.344643
2022-04-15,-1.548956,-0.101504,0.295819
2022-04-22,-1.466793,-0.118042,0.315413
2022-04-29,-1.478038,-0.094430,0.318563
2022-05-06,-1.404469,-0.131804,0.318401
2022-05-13,-1.439871,-0.100221,0.289468
2022-05-20,-1.434080,-0.056993,0.287858
2022-05-27,-1.483603,-0.029779,0.265617
2022-06-03,-1.400902,-0.044143,0.263804
2022-06-10,-1.304757,-0.043541,0.276977
2022-06-17,-1.067121,-0.023180,0.287245
2022-06-24,-1.165070,0.016821,0.265939
2022-07-01,-1.197675,0.063623,0.242606
2022-07-08,-1.208865,0.134416,0.223134
2022-07-15,-1.126616,0.225043,0.194086
2022-07-22,-1.090869,0.271891,0.176121
2022-07-29,-1.191825,0.318645,0.147420
2022-08-05,-1.166278,0.340983,0.172760
2022-08-12,-1.090448,0.343625,0.188319
2022-08-19,-1.060458,0.342646,0.172997
2022-08-26,-0.969638,0.327385,0.158624
2022-09-02,-0.894793,0.325643,0.154185
2022-09-09,-0.833481,0.314945,0.134979
2022-09-16,-0.722288,0.328215,0.162672
2022-09-23,-0.604690,0.310599,0.196504
2022-09-30,-0.495281,0.262968,0.199567
2022-10-07,-0.509476,0.305409,0.188426
2022-10-14,-0.372266,0.323259,0.171119
2022-10-21,-0.254966,0.355588,0.135100
2022-10-28,-0.280875,0.389269,0.099274
2022-11-04,-0.213298,0.403075,0.127703
2022-11-11,-0.225738,0.430788,0.114703
2022-11-18,-0.338218,0.513210,0.095335
2022-11-25,-0.329296,0.544705,0.097532
2022-12-02,-0.387039,0.564996,0.094836
2022-12-09,-0.429505,0.579174,0.106169
2022-12-16,-0.447699,0.586031,0.084525
2022-12-23,-0.403213,0.547231,0.066231
2022-12-30,-0.313937,0.522222,0.055553
2023-01-06,-0.333424,0.600303,0.053480
2023-01-13,-0.404738,0.667333,0.013575
2023-01-20,-0.443624,0.691448,0.001884
2023-01-27,-0.417136,0.679808,0.006088
2023-02-03,-0.418975,0.676421,0.018292
2023-02-10,-0.296673,0.641239,0.058871
2023-02-17,-0.221895,0.627079,0.062451
2023-02-24,-0.161059,0.602159,0.067881
2023-03-03,-0.105692,0.603278,0.092902
2023-03-10,-0.095284,0.648435,0.092617
2023-03-17,-0.419150,0.667165,-0.029378
2023-03-24,-0.460832,0.689547,-0.052312
2023-03-31,-0.397252,0.694740,-0.045673
2023-04-07,-0.478193,0.748320,-0.068291
2023-04-14,-0.401933,0.769441,-0.077277
2023-04-21,-0.314994,0.758738,-0.064557
2023-04-28,-0.389260,0.782520,-0.091740
2023-05-05,-0.399646,0.816117,-0.126395
2023-05-12,-0.388759,0.810914,-0.124264
2023-05-19,-0.317632,0.782531,-0.094082
2023-05-26,-0.202877,0.767441,-0.071402
2023-06-02,-0.197260,0.828039,-0.073774
2023-06-09,-0.169708,0.784955,-0.037343
2023-06-16,-0.136078,0.762404,-0.004226
2023-06-23,-0.125619,0.779180,0.005522
2023-06-30,-0.096259,0.784540,0.011788
2023-07-07,0.003368,0.730534,0.034732
2023-07-14,-0.062795,0.761210,-0.008328
2023-07-21,-0.085064,0.786805,-0.001356
2023-07-28,-0.032022,0.762460,0.004677
2023-08-04,0.009228,0.735708,-0.014878
2023-08-11,-0.005873,0.737937,-0.033788
2023-08-18,0.078290,0.693586,-0.018870
2023-08-25,0.098343,0.693307,-0.011715
2023-09-01,0.037527,0.721418,-0.019430
2023-09-08,0.087607,0.686083,-0.015239
2023-09-15,0.093765,0.684274,-0.011967
2023-09-22,0.145061,0.661514,0.000446
2023-09-29,0.188360,0.616177,-0.029517
2023-10-06,0.243680,0.587070,-0.050071
2023-10-13,0.199980,0.612454,-0.055960
2023-10-20,0.287571,0.550010,-0.045744
2023-10-27,0.261796,0.546453,-0.070594
2023-11-03,0.211680,0.572902,-0.070174
2023-11-10,0.165603,0.606210,-0.048095
2023-11-17,0.121996,0.623080,-0.054165
2023-11-24,0.106069,0.645829,-0.049964
2023-12-01,0.019403,0.655115,-0.073348
2023-12-08,-0.030650,0.683002,-0.075343
2023-12-15,-0.080684,0.714080,-0.079625
2023-12-22,-0.158229,0.746033,-0.103537
2023-12-29,-0.195179,0.756886,-0.123172
2024-01-05,-0.132902,0.733895,-0.114451
2024-01-12,-0.143295,0.729539,-0.132217
2024-01-19,-0.108523,0.696784,-0.138647
2024-01-26,-0.102264,0.689308,-0.136718
2024-02-02,-0.149528,0.716081,-0.126308
2024-02-09,-0.081265,0.687031,-0.104994
2024-02-16,-0.017532,0.658178,-0.089664
2024-02-23,0.010222,0.652352,-0.077289
2024-03-01,-0.002391,0.662330,-0.075325
2024-03-08,-0.056927,0.699642,-0.089039
2024-03-15,-0.016506,0.682428,-0.079879
2024-03-22,0.007083,0.661237,-0.079932
2024-03-29,-0.027004,0.672757,-0.090700
2024-04-05,0.028825,0.633811,-0.066619
2024-04-12,0.103266,0.606144,-0.044317
2024-04-19,0.167295,0.570929,-0.037496
2024-04-26,0.166041,0.565459,-0.046791
2024-05-03,0.153394,0.580038,-0.045859
2024-05-10,0.098818,0.610968,-0.055003
2024-05-17,0.073760,0.624192,-0.054793
2024-05-24,0.095215,0.619460,-0.039776
2024-05-31,0.137494,0.595339,-0.039463
2024-06-07,0.061142,0.658295,-0.062952
2024-06-14,0.045530,0.664388,-0.063903
2024-06-21,0.015864,0.678531,-0.066180
2024-06-28,0.022364,0.666105,-0.071506
2024-07-05,0.046187,0.637115,-0.077652
2024-07-12,-0.026825,0.666368,-0.095540
2024-07-19,-0.066903,0.672964,-0.113298
2024-07-26,-0.066414,0.652423,-0.123330
2024-08-02,-0.169072,0.699009,-0.145780
2024-08-09,-0.252527,0.717181,-0.175741
2024-08-16,-0.260552,0.723051,-0.169005
2024-08-23,-0.287173,0.723337,-0.162816
2024-08-30,-0.312968,0.703102,-0.179737
2024-09-06,-0.367277,0.708148,-0.188298
2024-09-13,-0.437135,0.707239,-0.194582
2024-09-20,-0.469735,0.654353,-0.175135
2024-09-27,-0.481846,0.595542,-0.162956
2024-10-04,-0.427955,0.585847,-0.136615
2024-10-11,-0.302253,0.540019,-0.102933
2024-10-18,-0.311430,0.534752,-0.106834
2024-10-25,-0.245879,0.492609,-0.095780
2024-11-01,-0.210302,0.457141,-0.071728
2024-11-08,-0.193537,0.448699,-0.054498
2024-11-15,-0.146905,0.414780,-0.037676
2024-11-22,-0.151648,0.425965,-0.039853
2024-11-29,-0.224921,0.456979,-0.048200
2024-12-06,-0.271811,0.441561,-0.034071
2024-12-13,-0.256053,0.398573,-0.023268
2024-12-20,-0.177909,0.343261,-0.011892
2024-12-27,-0.141513,0.311397,-0.021074
2025-01-03,-0.158480,0.317686,-0.029976
2025-01-10,-0.122454,0.290401,-0.027112
2025-01-17,-0.119287,0.287554,-0.027916
2025-01-24,-0.142942,0.309812,-0.025488
2025-01-31,-0.190952,0.313763,-0.036690
2025-02-07,-0.194608,0.337151,-0.025854
2025-02-14,-0.163700,0.328135,-0.013160
2025-02-21,-0.183873,0.330890,-0.016687
2025-02-28,-0.284915,0.375520,-0.040727
2025-03-07,-0.312601,0.393765,-0.061121
2025-03-14,-0.309248,0.387376,-0.067929
2025-03-21,-0.306451,0.389109,-0.056686
2025-03-28,-0.298139,0.374031,-0.070768
2025-04-04,-0.388547,0.418066,-0.084299
2025-04-11,-0.329932,0.372998,-0.104804
2025-04-18,-0.332912,0.372303,-0.110003
2025-04-25,-0.338641,0.365619,-0.126535
2025-05-02,-0.396512,0.399024,-0.130083
2025-05-09,-0.336113,0.379750,-0.110231
2025-05-16,-0.253829,0.360737,-0.094265
2025-05-23,-0.253569,0.345490,-0.098164
2025-05-30,-0.290878,0.361266,-0.106874
2025-06-06,-0.272280,0.380336,-0.111971
2025-06-13,-0.267730,0.383331,-0.108271
2025-06-20,-0.288032,0.385714,-0.107008
2025-06-27,-0.362151,0.399573,-0.135623
2025-07-04,-0.349974,0.408726,-0.128808
2025-07-11,-0.303274,0.387227,-0.120004
2025-07-18,-0.284336,0.368707,-0.122414
2025-07-25,-0.309495,0.387598,-0.120862
2025-08-01,-0.323698,0.392086,-0.115113
2025-08-08,-0.395106,0.405553,-0.127825
2025-08-15,-0.382466,0.388126,-0.127594
2025-08-22,-0.377812,0.382951,-0.125197
2025-08-29,-0.425626,0.386208,-0.143565
2025-09-05,-0.466330,0.375020,-0.129611
2025-09-12,-0.518207,0.391729,-0.116086
2025-09-19,-0.515061,0.372206,-0.108962
2025-09-26,-0.482342,0.347053,-0.099380
2025-10-03,-0.491734,0.352775,-0.099473
2025-10-10,-0.493229,0.352256,-0.101512
2025-10-17,-0.546068,0.378754,-0.115873
2025-10-24,-0.561841,0.367456,-0.102981
2025-10-31,-0.532578,0.340872,-0.079606
2025-11-07,-0.502844,0.339149,-0.085348
